Year,LGA_name,LGA_code,Total_EGMs,Venues,Unemployment_rate,Net_expenditure (AUD)
2012,SHIRE OF MANSFIELD,24250,29.0,1.0,0.03806661657901327,1469013.14
2012,SHIRE OF MOIRA,24900,34.0,1.0,0.05715098094967302,1770501.09
2012,SHIRE OF TOWONG,26670,10.0,1.0,0.0426179604261796,395325.39
2012,RURAL CITY OF ARARAT,20260,88.00000000000001,2.0,0.04658436213991769,5624389.579999999
2012,SHIRE OF SOUTHERN GRAMPIANS,26260,75.0,2.0,0.04332449160035367,6942509.49
2012,SHIRE OF CORANGAMITE,21830,56.99999999999999,2.0,0.031864754098360655,3397149.9
2012,Borough of Queenscliffe,26080,47.0,2.0,0.022222222222222223,1790183.55
2012,SHIRE OF CENTRAL GOLDFIELDS,21670,96.0,2.0,0.0832904884318766,7931347.19
2012,SHIRE OF HEPBURN,22910,50.0,2.0,0.058720302375809934,2669844.92
2012,SHIRE OF MURRINDINDI,25620,16.0,1.0,0.04605175846051759,1153606.75
2012,SHIRE OF MOUNT ALEXANDER,25430,30.000000000000004,1.0,0.04840626688276607,3198370.93
2012,SHIRE OF STRATHBOGIE,26430,27.0,1.0,0.047715736040609136,1394413.34
2012,SHIRE OF GANNAWARRA,22250,45.0,1.0,0.03671274961597542,1556634.75
2012,Shire of Campaspe,21370,167.0,3.0,0.052862300154718926,8114123.620000001
2012,Shire of Wellington,26810,324.0,8.0,0.042488619119878605,23543015.310000002
2012,Shire of Mitchell,24850,193.0,5.0,0.05770484033414302,15733563.810000002
2012,Shire of Northern Grampians,25810,88.0,3.0,0.04870670095295719,5595021.3500000015
2012,Rural City of Wodonga,27170,119.00000000000001,3.0,0.06391246548726864,7450526.28
2012,City of Warrnambool,26730,227.0,6.0,0.05001636304134395,18639839.689999998
2012,Shire of Colac-Otway,21750,110.0,5.0,0.0508086913902957,7518931.409999999
2012,City of Greater Bendigo,22620,547.0,10.0,0.04904930019175283,47459788.26
2012,Shire of Alpine,20110,63.0,3.0,0.04716981132075472,2884895.09
2012,City of Ballarat,20570,616.0000000000001,13.0,0.06226096969198503,55938278.699999996
2012,City of Greater Geelong,22750,1303.0,25.0,0.05846255763883441,116525894.57
2012,Shire of Moorabool,25150,110.0,3.0,0.04068494059865932,8495495.58
2012,Rural City of Swan Hill,26610,138.0,4.0,0.045447127937336816,7193380.26
2012,City of Greater Shepparton,22830,325.0,7.0,0.07990584343289754,30565582.379999995
2012,Shire of Glenelg,22410,105.0,4.0,0.058490884537474676,7343284.130000001
2012,Rural City of Mildura,24780,285.0,8.0,0.07137454445437667,25255276.400000002
2012,Shire of East Gippsland,22110,332.0,10.0,0.05401498225785254,24314026.84
2012,Shire of Bass Coast,20740,198.0,5.0,0.048499651081646895,19134332.55
2012,City of Latrobe,23810,522.0,13.0,0.06556983307313559,47329538.50000001
2012,Shire of Surf Coast,26490,107.00000000000001,4.0,0.032794249775381853,3698923.57
2012,Shire of South Gippsland,26170,101.0,4.0,0.03232812112186647,6618473.569999999
2012,Shire of Macedon Ranges,24130,95.0,3.0,0.02590566194147393,9489139.02
2012,Rural City of Benalla,21010,90.0,3.0,0.062095552801872504,5168843.34
2012,Rural City of Horsham,23190,147.0,4.0,0.040754582665954796,9295864.7
2012,Shire of Baw Baw,20830,175.0,4.0,0.04174000502891627,13146890.43
2012,Rural City of Wangaratta,26700,130.0,4.0,0.05332005312084993,8255931.13
2012,City of Melbourne,24600,696.0,11.0,0.05261579179532422,70308561.85
2012,City of Moreland,25250,732.0,15.0,0.0501488682426373,69605532.52
2012,City of Darebin,21890,883.0,14.0,0.06629987333755541,89265723.15
2012,City of Boroondara,21110,197.0,5.0,0.03136791474893229,20182384.37
2012,City of Whitehorse,26980,481.0,7.0,0.05104488628500254,55013142.67
2012,City of Manningham,24210,570.0,7.0,0.041899020346646575,65318584.66
2012,City of Banyule,20660,639.0,11.0,0.03782123807984484,57804745.48
2012,Shire of Nillumbik,25710,80.0,2.0,0.021857794371322573,9303211.71
2012,City of Maroondah,24410,711.9999999999999,10.0,0.04288898651177169,66782903.16
2012,City of Knox,23670,800.0,11.0,0.037163451346194615,85588265.07000001
2012,City of Monash,24970,969.0,14.999999999999998,0.051065663359677146,122352426.14999999
2012,City of Port Phillip,25900,367.0,10.0,0.040161739795639584,27583235.029999997
2012,City of Kingston,23430,881.0,16.0,0.060580223922457314,86504008.27000001
2012,City of Greater Dandenong,22670,945.0,15.0,0.08620716258544338,117556980.98000002
2012,City of Frankston,22170,554.0,10.0,0.0701289063573647,71286100.35
2012,City of Casey,21610,890.9999999999999,13.0,0.053588590320224505,125835347.02
2012,Shire of Cardinia,21450,225.0,4.0,0.05025921658986175,21875156.159999996
2012,Shire of Yarra Ranges,27450,427.0,8.0,0.03831703758171812,30695265.34
2012,City of Whittlesea,27070,621.0,9.0,0.0728104399300417,102280343.42999999
2012,City of Hume,23270,751.0,13.999999999999998,0.07819574860303014,103993534.42999999
2012,City of Brimbank,21180,938.0,15.000000000000002,0.09064058386661815,145619089.79999998
2012,Shire of Melton,24650,486.99999999999994,7.0,0.08892045454545454,56522260.25999999
2012,City of Hobsons Bay,23110,560.0,10.0,0.05518294570443899,52632388.379999995
2012,City of Wyndham,27260,654.0,10.0,0.08494088363410081,88533566.15
2012,Shire of Mornington Peninsula,25340,826.0,17.0,0.04693744286273998,83581310.21
2012,City of Yarra,27350,308.0,8.0,0.06129576514256791,31424190.89
2012,City of Maribyrnong,24330,421.0,10.0,0.0796774528106202,56099418.11
2012,City of Stonnington,26350,273.0,7.0,0.029343855034341663,23511315.729999997
2012,City of Glen Eira,22310,748.0,11.0,0.040235382435917615,74342426.78
2012,City of Bayside,20910,273.0,7.0,0.03176539216206183,18137210.889999997
2012,City of Moonee Valley,25060,746.0,11.0,0.035848629050532516,77910935.19999999
2012,Shire of Buloke,21270,0.0,0.0,0.030367045154475837,0.0
2012,Shire of Golden Plains,22490,0.0,0.0,0.0389038903890389,0.0
2012,Shire of Hindmarsh,22980,0.0,0.0,0.03820086260012323,0.0
2012,Shire of Indigo,23350,0.0,0.0,0.03720820002369949,0.0
2012,Shire of Loddon,23940,0.0,0.0,0.04158878504672897,0.0
2012,Shire of Moyne,25490,0.0,0.0,0.030134397312053758,0.0
2012,Shire of Pyrenees,25990,0.0,0.0,0.053763440860215055,0.0
2012,Shire of West Wimmera,26890,0.0,0.0,0.027550260610573342,0.0
2012,Shire of Yarriambiack,27630,0.0,0.0,0.03561505430664309,0.0
2013,SHIRE OF MANSFIELD,24250,40.0,1.0,0.036182612918892666,1643498.61
2013,SHIRE OF MOIRA,24900,98.00000000000001,2.0,0.05333609328641413,3107724.28
2013,SHIRE OF TOWONG,26670,10.0,1.0,0.0437481525273426,381071.04
2013,RURAL CITY OF ARARAT,20260,88.0,2.0,0.05857933579335793,5198022.37
2013,SHIRE OF SOUTHERN GRAMPIANS,26260,75.0,2.0,0.05146023100760635,6633868.96
2013,SHIRE OF CORANGAMITE,21830,56.99999999999999,2.0,0.034087569791360565,3075941.81
2013,Borough of Queenscliffe,26080,47.0,2.0,0.030116358658453114,1511657.57
2013,SHIRE OF CENTRAL GOLDFIELDS,21670,95.99999999999999,2.0,0.10696248196248197,7294540.65
2013,SHIRE OF HEPBURN,22910,50.0,2.0,0.061460957178841306,2670306.29
2013,SHIRE OF MURRINDINDI,25620,16.0,1.0,0.04341105242818498,1080190.75
2013,SHIRE OF MOUNT ALEXANDER,25430,29.999999999999996,1.0,0.06054398543302606,3009247.96
2013,SHIRE OF STRATHBOGIE,26430,32.0,1.0,0.04748768472906404,1208095.79
2013,SHIRE OF GANNAWARRA,22250,45.0,1.0,0.04494018752020692,1394736.79
2013,Shire of Campaspe,21370,209.0,4.0,0.04974974974974975,7360579.879999999
2013,Shire of Wellington,26810,314.0,8.0,0.03638991066736731,21947483.5
2013,Shire of Mitchell,24850,217.0,5.0,0.05808937712083741,14894489.020000001
2013,Shire of Northern Grampians,25810,87.99999999999999,3.0,0.05432937181663837,4943393.11
2013,Rural City of Wodonga,27170,180.0,4.0,0.06221163863670189,7235537.359999999
2013,City of Warrnambool,26730,215.0,7.0,0.06034886748242645,16367438.670000002
2013,Shire of Colac-Otway,21750,110.0,5.0,0.06162618136374287,7118672.820000001
2013,City of Greater Bendigo,22620,609.0,11.0,0.06349955627726063,45393331.24999999
2013,Shire of Alpine,20110,63.0,3.0,0.04334783260836958,2631803.73
2013,City of Ballarat,20570,631.0,14.000000000000002,0.06901049158946622,52533913.09
2013,City of Greater Geelong,22750,1327.0,25.0,0.06904476418864908,108207990.95
2013,Shire of Moorabool,25150,110.0,3.0,0.04616530156366344,7876144.56
2013,Rural City of Swan Hill,26610,134.0,4.0,0.05632351678543831,7079880.72
2013,City of Greater Shepparton,22830,329.0,8.0,0.07436435448037522,29023614.490000002
2013,Shire of Glenelg,22410,120.0,4.0,0.06546658056183403,6925842.790000001
2013,Rural City of Mildura,24780,285.0,8.0,0.08881888623361575,24827820.97
2013,Shire of East Gippsland,22110,330.99999999999994,10.0,0.04885353299017314,21432405.189999998
2013,Shire of Bass Coast,20740,206.0,5.0,0.04867322599880739,15111575.390000002
2013,City of Latrobe,23810,522.0,13.0,0.05874509602810329,43758066.919999994
2013,Shire of Surf Coast,26490,107.0,4.0,0.03906138217198455,2878670.79
2013,Shire of South Gippsland,26170,105.0,4.0,0.028755052010865964,6669516.970000001
2013,Shire of Macedon Ranges,24130,95.0,3.0,0.03343664062158977,9144677.34
2013,Rural City of Benalla,21010,105.0,3.0,0.06143982903699746,5240667.09
2013,Rural City of Horsham,23190,148.0,3.0,0.04646330313357161,9291228.290000001
2013,Shire of Baw Baw,20830,186.0,4.0,0.037504475474400285,12138619.079999998
2013,Rural City of Wangaratta,26700,130.0,4.0,0.05068916655931985,7756823.520000001
2013,City of Melbourne,24600,742.0,11.0,0.050000890963844684,70739983.13
2013,City of Moreland,25250,714.0,15.000000000000002,0.0446692607003891,63669829.73
2013,City of Darebin,21890,786.0,12.999999999999998,0.06591234936257605,82386001.17
2013,City of Boroondara,21110,197.00000000000003,5.0,0.03218090452261307,19132153.5
2013,City of Whitehorse,26980,450.0,7.0,0.055206352756962306,50781660.09
2013,City of Manningham,24210,509.0,7.0,0.04727091953854927,58313226.92999999
2013,City of Banyule,20660,620.0,10.0,0.03934702919380785,55261443.42
2013,Shire of Nillumbik,25710,80.0,2.0,0.023226761671216397,7761178.549999999
2013,City of Maroondah,24410,704.0,10.0,0.04693626078189762,62415124.12
2013,City of Knox,23670,763.0,11.0,0.03879193511394675,74895446.68
2013,City of Monash,24970,950.0,15.0,0.05408023822635583,112663385.35
2013,City of Port Phillip,25900,357.0,10.0,0.037778299217380504,24788263.9
2013,City of Kingston,23430,879.0,16.0,0.07482715629604443,78986274.55
2013,City of Greater Dandenong,22670,921.9999999999999,15.0,0.09197157544602359,109299013.48
2013,City of Frankston,22170,534.0,10.0,0.06723212309054682,62225277.19
2013,City of Casey,21610,875.0,13.0,0.05798716751513691,114485606.97
2013,Shire of Cardinia,21450,243.0,4.0,0.05763209117323479,20595653.84
2013,Shire of Yarra Ranges,27450,332.0,7.000000000000001,0.04113072767140629,26013535.349999998
2013,City of Whittlesea,27070,608.0,9.0,0.07952301982152729,93238924.88
2013,City of Hume,23270,792.0000000000001,14.0,0.06997719261870206,98760072.21
2013,City of Brimbank,21180,946.0,15.0,0.08947177063314808,137637439.13
2013,Shire of Melton,24650,486.99999999999994,7.0,0.09015893022431416,53565855.91000001
2013,City of Hobsons Bay,23110,577.0,10.0,0.05190124346729141,47861113.63
2013,City of Wyndham,27260,891.0,13.0,0.08731335090030742,87822812.06
2013,Shire of Mornington Peninsula,25340,806.0,17.0,0.046022958881773594,78899226.33
2013,City of Yarra,27350,308.00000000000006,8.0,0.054566537071141126,29671353.130000003
2013,City of Maribyrnong,24330,416.0,10.0,0.07769726247987117,52788996.00000001
2013,City of Stonnington,26350,295.0,7.0,0.0321371104648588,21423048.7
2013,City of Glen Eira,22310,731.0,11.0,0.0504115352159184,71085293.03999999
2013,City of Bayside,20910,268.0,7.0,0.03744375401757017,15823311.670000002
2013,City of Moonee Valley,25060,726.0,11.000000000000002,0.034578247937759155,71499311.56
2013,Shire of Buloke,21270,0.0,0.0,0.04028896915809947,0.0
2013,Shire of Golden Plains,22490,0.0,0.0,0.04487179487179487,0.0
2013,Shire of Hindmarsh,22980,0.0,0.0,0.04647806004618937,0.0
2013,Shire of Indigo,23350,0.0,0.0,0.03700298781889221,0.0
2013,Shire of Loddon,23940,0.0,0.0,0.05846229427659052,0.0
2013,Shire of Moyne,25490,0.0,0.0,0.03853487205218264,0.0
2013,Shire of Pyrenees,25990,0.0,0.0,0.05827963014850098,0.0
2013,Shire of West Wimmera,26890,0.0,0.0,0.029647715381932335,0.0
2013,Shire of Yarriambiack,27630,0.0,0.0,0.039252778434618114,0.0
2014,SHIRE OF MANSFIELD,24250,40.0,1.0,0.03438661710037175,1514346.66
2014,SHIRE OF MOIRA,24900,98.0,2.0,0.05953779866823345,3602343.3
2014,SHIRE OF TOWONG,26670,10.0,1.0,0.04317958783120707,370088.62
2014,RURAL CITY OF ARARAT,20260,88.0,2.0,0.0523972602739726,5474829.149999999
2014,SHIRE OF SOUTHERN GRAMPIANS,26260,75.0,2.0,0.06551082150337445,6216059.359999999
2014,SHIRE OF CORANGAMITE,21830,57.0,2.0,0.04674003076558987,2949436.9
2014,Borough of Queenscliffe,26080,44.0,2.0,0.02768729641693811,1583922.24
2014,SHIRE OF CENTRAL GOLDFIELDS,21670,98.99999999999999,2.0,0.07400232468035645,7165932.76
2014,SHIRE OF HEPBURN,22910,50.0,2.0,0.0374899220639613,2495565.07
2014,SHIRE OF MURRINDINDI,25620,16.0,1.0,0.04582325316635833,1231368.55
2014,SHIRE OF MOUNT ALEXANDER,25430,30.0,1.0,0.06273143106077107,3218786.43
2014,SHIRE OF STRATHBOGIE,26430,32.0,1.0,0.04382551710014335,1262300.02
2014,SHIRE OF GANNAWARRA,22250,45.0,1.0,0.03642445642073964,1393215.72
2014,Shire of Campaspe,21370,209.0,4.0,0.059892367339853016,7490818.13
2014,Shire of Wellington,26810,304.0,6.999999999999999,0.04772255705957909,21566360.32
2014,Shire of Mitchell,24850,228.0,5.0,0.06155950752393981,14934680.159999998
2014,Shire of Northern Grampians,25810,88.0,3.0,0.046278924327704814,4875816.32
2014,Rural City of Wodonga,27170,169.0,4.0,0.05789344463540388,6900172.960000001
2014,City of Warrnambool,26730,234.0,8.0,0.06540784676497796,17318805.250000004
2014,Shire of Colac-Otway,21750,110.0,5.0,0.0729602035253498,7125457.180000001
2014,City of Greater Bendigo,22620,614.0,11.0,0.06827105984188758,46243389.76
2014,Shire of Alpine,20110,63.0,3.0,0.0390104662226451,2749847.42
2014,City of Ballarat,20570,663.0,15.000000000000002,0.04447736176350205,53642391.940000005
2014,City of Greater Geelong,22750,1331.0,25.0,0.062370877649399345,110044225.76
2014,Shire of Moorabool,25150,110.00000000000001,3.0,0.04776915615906886,7814318.159999999
2014,Rural City of Swan Hill,26610,134.0,4.0,0.0442331181294713,6678962.650000001
2014,City of Greater Shepparton,22830,329.0,8.0,0.07675086875167067,29376039.78
2014,Shire of Glenelg,22410,120.0,4.0,0.08026984747751272,6530421.4399999995
2014,Rural City of Mildura,24780,285.0,8.0,0.06475940941118154,24700237.3
2014,Shire of East Gippsland,22110,332.0,10.0,0.06558984415316338,22323581.830000006
2014,Shire of Bass Coast,20740,216.0,5.0,0.06128918633321592,15087373.600000001
2014,City of Latrobe,23810,522.0,12.999999999999998,0.07462728551336147,44333812.33
2014,Shire of Surf Coast,26490,107.0,4.0,0.03136213578297689,2855819.51
2014,Shire of South Gippsland,26170,105.0,4.0,0.03861979354652422,6514572.41
2014,Shire of Macedon Ranges,24130,95.0,3.0,0.03743618831537152,8360298.91
2014,Rural City of Benalla,21010,105.0,3.0,0.05987501816596425,5285457.34
2014,Rural City of Horsham,23190,148.0,3.0,0.03716394306800211,9498045.33
2014,Shire of Baw Baw,20830,198.0,4.0,0.04130614374538023,12641199.170000002
2014,Rural City of Wangaratta,26700,130.0,4.0,0.04940222619211213,7856837.79
2014,City of Melbourne,24600,744.0,11.0,0.049518291450515395,72707033.11
2014,City of Moreland,25250,721.0,15.0,0.07984554919671792,63642789.1
2014,City of Darebin,21890,787.0,13.0,0.08309112888705986,82359807.15
2014,City of Boroondara,21110,202.0,5.0,0.04400933873205283,19414918.54
2014,City of Whitehorse,26980,425.0,6.0,0.06707400540076407,51944253.64
2014,City of Manningham,24210,509.0,7.0,0.06774054612800413,55677479.580000006
2014,City of Banyule,20660,620.0,10.0,0.05065516619582858,55019402.309999995
2014,Shire of Nillumbik,25710,80.0,2.0,0.02946708463949843,7281530.47
2014,City of Maroondah,24410,718.0,10.0,0.06410126411140404,62294867.29000001
2014,City of Knox,23670,763.0,11.0,0.05480653422046563,74200233.9
2014,City of Monash,24970,957.0,15.0,0.03345432096137266,109202526.58
2014,City of Port Phillip,25900,384.0,10.0,0.053568880390422104,26153986.770000003
2014,City of Kingston,23430,895.0,16.0,0.0607752087192936,79825384.39
2014,City of Greater Dandenong,22670,937.9999999999999,15.0,0.1120180541918844,110134642.60999998
2014,City of Frankston,22170,534.0,10.0,0.07187841128558234,60249332.64
2014,City of Casey,21610,888.0,13.0,0.06686142425075611,113243208.1
2014,Shire of Cardinia,21450,243.0,4.0,0.05789918207681365,21217863.099999998
2014,Shire of Yarra Ranges,27450,412.0,8.0,0.05776155477728999,26635127.98
2014,City of Whittlesea,27070,648.0,10.0,0.08046428844410959,96219037.65
2014,City of Hume,23270,805.0,14.0,0.0998030348045203,101822277.67999999
2014,City of Brimbank,21180,946.0,14.999999999999998,0.09289389514671116,138542665.59
2014,Shire of Melton,24650,493.0,7.0,0.06743803611905362,54211051.12999999
2014,City of Hobsons Bay,23110,577.0,10.0,0.053180396246089674,47196551.19
2014,City of Wyndham,27260,891.0,13.0,0.062027769715468084,90342545.32
2014,Shire of Mornington Peninsula,25340,806.0,17.0,0.052516678418397786,79046839.16999999
2014,City of Yarra,27350,308.0,8.0,0.07688270320163611,30077711.860000003
2014,City of Maribyrnong,24330,392.0,9.0,0.06647681387342202,52905865.71
2014,City of Stonnington,26350,295.0,7.0,0.04101449501978015,21575746.540000003
2014,City of Glen Eira,22310,772.0,11.0,0.04865879625546498,72059137.19
2014,City of Bayside,20910,248.0,6.0,0.03645954092279156,15788451.25
2014,City of Moonee Valley,25060,726.0,11.0,0.058077844030236164,72123897.08
2014,Shire of Buloke,21270,0.0,0.0,0.03568075117370892,0.0
2014,Shire of Golden Plains,22490,0.0,0.0,0.03113373800665753,0.0
2014,Shire of Hindmarsh,22980,0.0,0.0,0.04010970174837161,0.0
2014,Shire of Indigo,23350,0.0,0.0,0.03463100071650346,0.0
2014,Shire of Loddon,23940,0.0,0.0,0.07418899858956277,0.0
2014,Shire of Moyne,25490,0.0,0.0,0.04115180935569285,0.0
2014,Shire of Pyrenees,25990,0.0,0.0,0.047465288989344524,0.0
2014,Shire of West Wimmera,26890,0.0,0.0,0.0258732212160414,0.0
2014,Shire of Yarriambiack,27630,0.0,0.0,0.037292025243832475,0.0
2015,City of Whittlesea,27070,660.0,10.0,0.07873918544960753,101646865.58000001
2015,Shire of Nillumbik,25710,80.0,2.0,0.027500199856103604,7514346.44
2015,RURAL CITY OF ARARAT,20260,88.0,2.0,0.059719789842381785,5260422.33
2015,Shire of Northern Grampians,25810,78.0,3.0,0.05492575443078397,4777457.5200000005
2015,Borough of Queenscliffe,26080,30.000000000000004,1.0,0.03926282051282051,1439556.7100000004
2015,City of Greater Geelong,22750,1366.0,26.0,0.08244286138319976,111581393.5
2015,SHIRE OF CORANGAMITE,21830,57.00000000000001,2.0,0.03708266600960946,2932316.66
2015,Shire of Colac-Otway,21750,110.0,5.0,0.05695364238410596,7330981.99
2015,SHIRE OF HEPBURN,22910,50.00000000000001,2.0,0.03879251468378637,2606330.5999999996
2015,Shire of Moorabool,25150,110.0,3.0,0.056574373726477285,7969313.899999999
2015,SHIRE OF CENTRAL GOLDFIELDS,21670,99.0,2.0,0.09043927648578812,6883730.52
2015,SHIRE OF MOUNT ALEXANDER,25430,29.999999999999996,1.0,0.06418542455983954,3215859.4499999997
2015,SHIRE OF MANSFIELD,24250,40.0,1.0,0.03845283872427053,1677514.76
2015,SHIRE OF MURRINDINDI,25620,25.0,1.0,0.051377925495083784,1442480.86
2015,Shire of Mitchell,24850,228.0,5.0,0.07712317549014885,15754672.14
2015,SHIRE OF TOWONG,26670,10.0,1.0,0.057635949202214265,318358.87
2015,Shire of Alpine,20110,63.00000000000001,3.0,0.044420199501246885,2802096.85
2015,SHIRE OF MOIRA,24900,97.99999999999999,2.0,0.06668138661956281,3874677.6100000003
2015,SHIRE OF STRATHBOGIE,26430,32.0,1.0,0.05207712184456371,1318809.1900000002
2015,Rural City of Benalla,21010,105.0,3.0,0.07269070535842552,4866018.049999999
2015,SHIRE OF GANNAWARRA,22250,45.0,1.0,0.042434715821812595,1498998.3099999998
2015,Shire of Campaspe,21370,209.0,4.0,0.06419510061242345,8159437.359999999
2015,Shire of Glenelg,22410,120.0,4.0,0.06342408483736107,6893539.01
2015,SHIRE OF SOUTHERN GRAMPIANS,26260,75.0,2.0,0.054322501532801964,6290788.230000001
2015,Shire of Wellington,26810,308.0,6.999999999999999,0.04593292483277983,21450507.97
2015,Rural City of Wodonga,27170,144.0,4.0,0.07498815727143533,7472194.92
2015,City of Warrnambool,26730,234.0,8.0,0.05068400986768334,18222763.259999998
2015,City of Greater Bendigo,22620,629.0,11.0,0.07103187236902614,47678424.57
2015,City of Ballarat,20570,663.0,15.0,0.05082393416345759,53623993.63
2015,Rural City of Swan Hill,26610,141.0,4.0,0.04929704397981254,6532534.529999999
2015,City of Greater Shepparton,22830,329.0,8.0,0.08041979949874686,31380787.260000005
2015,Rural City of Mildura,24780,285.0,8.0,0.0751467850494057,25640869.010000005
2015,Shire of East Gippsland,22110,332.0,10.0,0.05971885603490063,22343699.93
2015,Shire of Bass Coast,20740,216.0,5.0,0.05565729234793983,15851964.940000001
2015,City of Latrobe,23810,522.0,13.0,0.06923650700623368,43613709.09
2015,Shire of Surf Coast,26490,71.0,3.0,0.03831310083502912,2818479.72
2015,Shire of South Gippsland,26170,105.0,4.0,0.03331053351573188,6592483.67
2015,Shire of Macedon Ranges,24130,103.0,3.0,0.033023861878003095,8656079.05
2015,Rural City of Horsham,23190,148.0,3.0,0.04223078992199408,9531130.75
2015,Shire of Baw Baw,20830,198.0,4.0,0.0362298330031135,13295313.54
2015,Rural City of Wangaratta,26700,136.0,4.0,0.0641736543143089,8128251.050000001
2015,City of Melbourne,24600,746.0,11.0,0.04868987867051338,75868075.11
2015,City of Moreland,25250,671.0,13.999999999999998,0.0745478809074594,63521371.65
2015,City of Darebin,21890,777.0,13.000000000000002,0.07815771109560363,83857397.07000001
2015,City of Boroondara,21110,202.0,5.0,0.040171442112529494,20957038.26
2015,City of Whitehorse,26980,366.0,6.0,0.06138095515095108,51581759.5
2015,City of Manningham,24210,509.0,7.0,0.06052876439824173,56406754.76
2015,City of Banyule,20660,589.0,9.0,0.04885482760136571,54512648.72
2015,City of Maroondah,24410,737.0,10.0,0.0561159325364336,61694366.5
2015,City of Knox,23670,686.0,10.0,0.05162987532883449,73362492.12
2015,City of Monash,24970,957.0,15.0,0.03848988271955867,114356289.27
2015,City of Port Phillip,25900,384.0,10.0,0.05025111206772851,28842530.389999997
2015,City of Kingston,23430,895.0,16.0,0.06557056653555811,81509892.75000001
2015,City of Greater Dandenong,22670,952.0,15.0,0.12358257065561504,117004770.07000001
2015,City of Frankston,22170,534.0,10.0,0.0786975349766822,62065687.29000001
2015,City of Casey,21610,888.0,13.0,0.07867891863097616,119384478.72
2015,Shire of Cardinia,21450,303.0,5.0,0.06784894816975104,23259238.9
2015,Shire of Yarra Ranges,27450,444.0,9.0,0.055359772140288206,28786766.799999997
2015,City of Hume,23270,805.0,14.0,0.08941517119180613,104943985.94999999
2015,City of Brimbank,21180,946.0,15.0,0.09934553434964925,141609226.77
2015,Shire of Melton,24650,493.0,7.0,0.07619439868204284,57349284.44
2015,City of Hobsons Bay,23110,577.0,10.0,0.05801457731675213,46430981.96
2015,City of Wyndham,27260,891.0,13.0,0.06956944567235435,93116687.86
2015,Shire of Mornington Peninsula,25340,821.0,17.0,0.056159786520033964,79400240.34
2015,City of Yarra,27350,308.0,8.0,0.07362734011810529,31084714.55
2015,City of Maribyrnong,24330,402.0,9.0,0.07260848126232741,52994016.09
2015,City of Stonnington,26350,287.0,7.0,0.04042440152509532,23019972.590000004
2015,City of Glen Eira,22310,772.0,11.0,0.05150554675118859,73555920.9
2015,City of Bayside,20910,217.99999999999997,5.0,0.04017410740544674,15813241.530000001
2015,City of Moonee Valley,25060,732.0,11.0,0.05608825975737983,74747047.29000002
2015,Shire of Buloke,21270,0.0,0.0,0.044103234237177394,0.0
2015,Shire of Golden Plains,22490,0.0,0.0,0.04027231757599003,0.0
2015,Shire of Hindmarsh,22980,0.0,0.0,0.048625792811839326,0.0
2015,Shire of Indigo,23350,0.0,0.0,0.046674445740956826,0.0
2015,Shire of Loddon,23940,0.0,0.0,0.07142857142857142,0.0
2015,Shire of Moyne,25490,0.0,0.0,0.031182181610508283,0.0
2015,Shire of Pyrenees,25990,0.0,0.0,0.048273657289002556,0.0
2015,Shire of West Wimmera,26890,0.0,0.0,0.03558558558558558,0.0
2015,Shire of Yarriambiack,27630,0.0,0.0,0.05141158989598811,0.0
2016,City of Whittlesea,27070,691.0,10.0,0.061013938916216835,103399181.7
2016,Shire of Nillumbik,25710,80.0,2.0,0.020646732512515222,8252420.6899999995
2016,RURAL CITY OF ARARAT,20260,88.0,2.0,0.07028360049321825,4937199.99
2016,Shire of Northern Grampians,25810,65.0,2.0,0.05684803001876173,4113493.25
2016,Borough of Queenscliffe,26080,30.0,1.0,0.026985350809560524,1350945.4600000002
2016,City of Greater Geelong,22750,1265.0,25.0,0.05915025797620301,111854042.58
2016,SHIRE OF CORANGAMITE,21830,56.99999999999999,2.0,0.027758174547165372,2672374.33
2016,Shire of Colac-Otway,21750,110.0,5.0,0.03672265904217298,7490513.610000001
2016,SHIRE OF HEPBURN,22910,50.0,2.0,0.05554793581127417,2602018.06
2016,Shire of Moorabool,25150,110.0,3.0,0.06330741801601683,8011356.32
2016,SHIRE OF CENTRAL GOLDFIELDS,21670,99.0,2.0,0.1205758848230354,7104793.64
2016,SHIRE OF MOUNT ALEXANDER,25430,29.999999999999996,1.0,0.06920332936979785,3116230.92
2016,SHIRE OF MANSFIELD,24250,40.0,1.0,0.032321041214750545,1437997.0100000002
2016,SHIRE OF MURRINDINDI,25620,24.999999999999996,1.0,0.042191267077417625,1381431.56
2016,Shire of Mitchell,24850,228.0,5.0,0.05929442427627292,16394612.05
2016,SHIRE OF TOWONG,26670,10.0,1.0,0.04996837444655281,284733.4799999999
2016,Shire of Alpine,20110,58.0,2.0,0.037414448669201524,2232436.02
2016,SHIRE OF MOIRA,24900,99.0,2.0,0.04438913088570836,4244200.19
2016,SHIRE OF STRATHBOGIE,26430,32.0,1.0,0.04491590214067278,1294670.47
2016,Rural City of Benalla,21010,105.0,3.0,0.05703157601891779,5265158.930000001
2016,SHIRE OF GANNAWARRA,22250,45.0,1.0,0.045454545454545456,1712866.2000000002
2016,Shire of Campaspe,21370,209.0,4.0,0.04245913436825331,8364721.08
2016,Shire of Glenelg,22410,119.99999999999999,4.0,0.048813298741231866,6486057.84
2016,SHIRE OF SOUTHERN GRAMPIANS,26260,75.0,2.0,0.03929068150208623,5955041.44
2016,Shire of Wellington,26810,318.0,6.999999999999999,0.06916215821026465,21744942.040000003
2016,Rural City of Wodonga,27170,135.0,3.0,0.05906810683779997,7664502.640000001
2016,City of Warrnambool,26730,234.0,8.0,0.03778613985575416,18542341.259999998
2016,City of Greater Bendigo,22620,628.0,11.0,0.07179353298772984,48696383.97
2016,City of Ballarat,20570,663.0,15.0,0.06509604650267545,54611247.31999999
2016,Rural City of Swan Hill,26610,161.0,4.0,0.050525210084033614,7527429.31
2016,City of Greater Shepparton,22830,329.0,8.0,0.049125582212848226,31422084.520000003
2016,Rural City of Mildura,24780,285.0,8.0,0.07558430717863106,25711760.39
2016,Shire of East Gippsland,22110,331.99999999999994,10.0,0.09000049972515117,23639559.169999998
2016,Shire of Bass Coast,20740,216.00000000000003,5.0,0.08312729702639492,16321155.47
2016,City of Latrobe,23810,522.0,13.0,0.10661805325378411,43563001.39
2016,Shire of Surf Coast,26490,74.0,3.0,0.027474720596061736,2854155.940000001
2016,Shire of South Gippsland,26170,105.00000000000001,4.0,0.05101822079314041,6565792.42
2016,Shire of Macedon Ranges,24130,102.0,3.0,0.031539038413465545,9179543.809999999
2016,Rural City of Horsham,23190,148.0,3.0,0.04305324459234609,9269919.86
2016,Shire of Baw Baw,20830,198.0,4.0,0.05363100877373646,14661092.830000002
2016,Rural City of Wangaratta,26700,136.0,4.0,0.05135399673735726,8236834.089999999
2016,City of Melbourne,24600,746.0,11.0,0.03853841746769368,79770052.63000001
2016,City of Moreland,25250,640.0,12.0,0.06458568759945574,63531110.68000001
2016,City of Darebin,21890,774.0,13.0,0.0626517974084765,84324281.52000001
2016,City of Boroondara,21110,162.0,4.0,0.038820031739016894,19997261.390000004
2016,City of Whitehorse,26980,427.0,6.0,0.05878655588951236,53182056.73
2016,City of Manningham,24210,519.0,7.0,0.05772149497249099,56271032.239999995
2016,City of Banyule,20660,634.0,10.0,0.03696483688508854,55979946.78000001
2016,City of Maroondah,24410,746.0,10.0,0.053029808883960604,65184083.08
2016,City of Knox,23670,766.0,11.0,0.046476159897254773,73822339.93
2016,City of Monash,24970,952.0,15.000000000000002,0.03821500270052686,111391123.95
2016,City of Port Phillip,25900,383.0,10.0,0.04224260431468802,28095943.28
2016,City of Kingston,23430,898.0,16.0,0.0579098033694683,83473105.91000001
2016,City of Greater Dandenong,22670,958.0,15.0,0.12383969455088743,118836649.17999999
2016,City of Frankston,22170,509.0,9.0,0.06045767411065286,62900685.339999996
2016,City of Casey,21610,899.0,13.0,0.07970597351990436,124817967.32999998
2016,Shire of Cardinia,21450,286.0,5.0,0.07001910892084884,25041008.449999996
2016,Shire of Yarra Ranges,27450,442.0,9.0,0.04951534830945282,28793677.63
2016,City of Hume,23270,812.9999999999999,13.999999999999998,0.09079205690193427,106043755.03
2016,City of Brimbank,21180,939.0,15.0,0.1001664950388328,143045743.48
2016,Shire of Melton,24650,503.0,7.0,0.07659862106259294,60035038.01
2016,City of Hobsons Bay,23110,577.0,10.0,0.0585375191424196,46829609.25
2016,City of Wyndham,27260,891.0000000000001,13.0,0.06716735511328076,97384531.85
2016,Shire of Mornington Peninsula,25340,813.0,17.0,0.04313201496525922,82381143.15000002
2016,City of Yarra,27350,308.0,8.0,0.05875975330145922,32992353.389999997
2016,City of Maribyrnong,24330,440.0,9.0,0.0719372793105512,53735025.13999999
2016,City of Stonnington,26350,287.0,7.0,0.03031045626502887,23443276.63
2016,City of Glen Eira,22310,771.0,11.0,0.041019092788520006,76214352.31
2016,City of Bayside,20910,208.0,5.0,0.03233450257481901,13615020.660000004
2016,City of Moonee Valley,25060,732.0,11.0,0.04914136405849113,75401077.51
2016,Shire of Buloke,21270,0.0,0.0,0.05110336817653891,0.0
2016,Shire of Golden Plains,22490,0.0,0.0,0.03657068789926859,0.0
2016,Shire of Hindmarsh,22980,0.0,0.0,0.054144106622240736,0.0
2016,Shire of Indigo,23350,0.0,0.0,0.037194712077078196,0.0
2016,Shire of Loddon,23940,0.0,0.0,0.07930065563534186,0.0
2016,Shire of Moyne,25490,0.0,0.0,0.023255813953488372,0.0
2016,Shire of Pyrenees,25990,0.0,0.0,0.07406199021207178,0.0
2016,Shire of West Wimmera,26890,0.0,0.0,0.03590568060021436,0.0
2016,Shire of Yarriambiack,27630,0.0,0.0,0.059748427672955975,0.0
