Year,LGA_name,LGA_code,0-19,20-64,65+,Total_population,Ratio: 65+ to 18+,Median_income,Total_EGMs,Venues,Unemployment_rate,Net_expenditure (AUD),EGMs_PV,People_PEGM,Expenditure_PP (AUD),Expenditure_PEGM (AUD),Expenditure_PV (AUD),EXP_PP_label
2012,Alpine (S),20110,2747,6689,2702,12138,0.2877222872963476,32690,63,3,0.0471698113207547,2884895.09,21.0,149.06349206349208,307.1978585880098,45791.985555555555,961631.6966666667,Low
2012,Ararat (RC),20260,2627,6390,2338,11355,0.2678735105407883,35889,88,2,0.0465843621399176,5624389.579999999,44.0,99.18181818181819,644.4076054078826,63913.517954545445,2812194.7899999996,High
2012,Ballarat (C),20570,25751,56440,14781,96972,0.2075371028207972,40244,616,13,0.062260969691985,55938278.7,47.38461538461539,115.61850649350649,785.4183274595977,90808.8939935065,4302944.515384615,High
2012,Banyule (C),20660,29004,74748,19792,123544,0.2093505394541993,46039,639,11,0.0378212380798448,57804745.48,58.09090909090909,147.94992175273865,611.4316213243071,90461.26053208137,5254976.861818181,High
2012,Bass Coast (S),20740,6733,16592,7267,30592,0.3045810805146904,33513,198,5,0.0484996510816468,19134332.55,39.6,120.5,801.9754620897775,96638.04318181818,3826866.5100000002,Very High
2012,Baw Baw (S),20830,11837,24970,7559,44366,0.2323772633649974,38067,175,4,0.0417400050289162,13146890.43,43.75,185.88,404.1590712902333,75125.08817142856,3286722.6075,Medium
2012,Bayside (C),20910,24677,54769,17378,96824,0.2408693362163361,52228,273,7,0.0317653921620618,18137210.89,39.0,264.27472527472526,251.3924472258029,66436.66992673992,2591030.1271428573,Low
2012,Benalla (RC),21010,3316,7397,3016,13729,0.2896379525593008,36210,90,3,0.0620955528018725,5168843.34,30.0,115.7,496.3836876980697,57431.592666666664,1722947.78,Medium
2012,Boroondara (C),21110,40398,102653,25242,168293,0.1973650259978888,51548,197,5,0.0313679147489322,20182384.37,39.4,649.2131979695431,157.80432675241408,102448.65162436549,4036476.8740000003,Very Low
2012,Brimbank (C),21180,49114,121699,22852,193665,0.1580895324141652,39888,938,15,0.0906405838666181,145619089.79999998,62.53333333333333,154.10554371002132,1007.3890170251328,155244.23219616202,9707939.319999998,Very High
2012,Campaspe (S),21370,9761,19898,7295,36954,0.268267568859633,35836,167,3,0.0528623001547189,8114123.620000001,55.666666666666664,162.8323353293413,298.3901599676388,48587.56658682635,2704707.8733333335,Low
2012,Cardinia (S),21450,24219,47223,8642,80084,0.1546943524568155,42257,225,4,0.0502592165898617,21875156.16,56.25,248.2888888888889,391.57175619797727,97222.91626666667,5468789.04,Low
2012,Casey (C),21610,80784,162545,24563,267892,0.1312771233725976,42665,890,13,0.0535885903202245,125835347.02,68.46153846153847,210.23370786516853,672.5278823994698,141388.03035955055,9679642.078461539,High
2012,Central Goldfields (S),21670,2868,6528,3186,12582,0.3279802347127856,32370,96,2,0.0832904884318766,7931347.19,48.0,101.1875,816.4862250360305,82618.19989583334,3965673.595,Very High
2012,Colac-Otway (S),21750,5175,11575,3985,20735,0.2561053984575835,35851,110,5,0.0508086913902957,7518931.409999999,22.0,141.45454545454547,483.2218129820051,68353.9219090909,1503786.282,Medium
2012,Corangamite (S),21830,4549,8609,3229,16387,0.2727656698766683,35615,56,2,0.0318647540983606,3397149.9,28.0,211.39285714285714,286.9699189052205,60663.39107142857,1698574.95,Low
2012,Darebin (C),21890,29676,93562,20848,144086,0.1822218337557905,43311,883,14,0.0662998733375554,89265723.15,63.07142857142857,129.5696489241223,780.2265811554935,101093.6842015855,6376123.082142858,High
2012,East Gippsland (S),22110,9940,22863,10351,43154,0.3116456915758415,33066,332,10,0.0540149822578525,24314026.84,33.2,100.0421686746988,732.0415138194737,73235.02060240964,2431402.684,High
2012,Frankston (C),22170,33411,79785,18346,131542,0.1869541735027667,41874,554,10,0.0701289063573647,71286100.35,55.4,177.1317689530686,726.438132190643,128675.27138989168,7128610.034999999,High
2012,Gannawarra (S),22250,2499,5316,2579,10394,0.3266624445851805,33116,45,1,0.0367127496159754,1556634.75,45.0,175.44444444444446,197.1671627612413,34591.88333333333,1556634.75,Very Low
2012,Glen Eira (C),22310,32130,86100,20580,138810,0.1929133858267716,46881,748,11,0.0402353824359176,74342426.78,68.0,142.62032085561498,696.8731419197601,99388.27109625669,6758402.434545455,High
2012,Glenelg (S),22410,4989,11210,3578,19777,0.2419529348120097,38840,105,4,0.0584908845374746,7343284.130000001,26.25,140.83809523809524,496.5704713281039,69936.03933333333,1835821.0325000002,Medium
2012,Greater Bendigo (C),22620,27397,59742,16583,103722,0.2172682607271536,39450,547,10,0.0490493001917528,47459788.26,54.7,139.53382084095065,621.8118343924009,86763.78109689214,4745978.825999999,High
2012,Greater Dandenong (C),22670,34863,89386,20431,144680,0.1860458763215167,36584,945,15,0.0862071625854433,117556980.98000002,63.0,116.2084656084656,1070.4807177395123,124398.9216719577,7837132.065333335,Very High
2012,Greater Geelong (C),22750,54100,126897,37364,218361,0.2274672624664406,40904,1303,25,0.0584625576388344,116525894.57,52.12,126.06369915579432,709.39477155259,89428.92906369915,4661035.7828,High
2012,Greater Shepparton (C),22830,17582,35392,9378,62352,0.2094706276524458,37328,325,7,0.0799058434328975,30565582.379999995,46.42857142857143,137.75384615384615,682.7246455215545,94047.94578461537,4366511.768571428,High
2012,Hepburn (S),22910,3308,8496,2947,14751,0.2575373590841562,34239,50,2,0.0587203023758099,2669844.92,25.0,228.86,233.3168679542078,53396.8984,1334922.46,Low
2012,Hobsons Bay (C),23110,20691,55291,12183,88165,0.1805584373240062,46824,560,10,0.0551829457044389,52632388.38,56.0,120.48928571428571,780.0395467883926,93986.40782142857,5263238.838,High
2012,Horsham (RC),23190,5134,10982,3542,19658,0.2438722115119801,38594,147,4,0.0407545826659547,9295864.7,36.75,98.80272108843538,640.0347493803359,63237.174829931966,2323966.175,High
2012,Hume (C),23270,53203,107967,16857,178027,0.1350461449721207,41564,751,13,0.0781957486030301,103993534.43,57.76923076923077,166.2103861517976,833.1213102448248,138473.4146870839,7999502.648461539,Very High
2012,Kingston (C),23430,34492,91125,24359,149976,0.2109296525925669,43945,881,16,0.0605802239224573,86504008.27000001,55.0625,131.08286038592507,749.0562179176337,98188.43163450625,5406500.516875001,High
2012,Knox (C),23670,38773,95410,20470,154653,0.1766482568173973,43092,800,11,0.0371634513461946,85588265.07000001,72.72727272727273,144.85,738.5939339834312,106985.33133750001,7780751.370000001,High
2012,Latrobe (C),23810,19276,42867,11786,73929,0.2156514738440707,41461,522,13,0.0655698330731355,47329538.50000001,40.15384615384615,104.69923371647509,866.0007410389184,90669.61398467435,3640733.7307692314,Very High
2012,Macedon Ranges (S),24130,12186,25134,6173,43493,0.1971763503369853,43510,95,3,0.0259056619414739,9489139.02,31.666666666666668,329.5473684210526,303.0995949787587,99885.67389473684,3163046.34,Low
2012,Manningham (C),24210,26042,67835,23142,117019,0.2543719841278565,41465,570,7,0.0418990203466465,65318584.66,81.42857142857143,159.60877192982457,717.9681090825153,114594.00817543859,9331226.379999999,High
2012,Mansfield (S),24250,2144,4348,1575,8067,0.2659125443187574,31308,29,1,0.0380666165790132,1469013.14,29.0,204.24137931034483,248.01842647307106,50655.62551724137,1469013.14,Low
2012,Maribyrnong (C),24330,15994,52969,7626,76589,0.1258519679841571,44891,421,10,0.0796774528106202,56099418.11,42.1,143.9311163895487,925.8093590230217,133252.774608076,5609941.811,Very High
2012,Maroondah (C),24410,26785,65133,16186,108104,0.1990432740196018,43485,711,10,0.0428889865117716,66782903.16,71.1,114.37271448663854,821.2459961386637,93928.13383966245,6678290.316,Very High
2012,Melbourne (C),24600,13511,84782,7088,105381,0.0771524980951344,45937,696,11,0.0526157917953242,70308561.85,63.27272727272727,131.9971264367816,765.304907477958,101018.04863505746,6391687.44090909,High
2012,Melton (S),24650,36468,73453,8030,117951,0.0985481634205907,45000,487,7,0.0889204545454545,56522260.25999999,69.57142857142857,167.31622176591375,693.6693575347003,116062.13605749485,8074608.608571427,High
2012,Mildura (RC),24780,14514,29112,8578,52204,0.2275935261342531,36695,285,8,0.0713745444543766,25255276.4,35.625,132.24561403508773,670.0789705492173,88615.0049122807,3156909.55,High
2012,Mitchell (S),24850,10631,21263,4350,36244,0.1698356303439659,42406,193,5,0.057704840334143,15733563.810000002,38.6,132.7098445595855,614.280397063991,81521.0560103627,3146712.7620000006,High
2012,Moira (S),24900,7256,15079,6340,28675,0.2959988794995097,34222,34,1,0.057150980949673,1770501.09,34.0,629.9705882352941,82.6603058032588,52073.56147058824,1770501.09,Very Low
2012,Monash (C),24970,38737,109877,31126,179740,0.220747076303341,40404,969,14,0.0510656633596771,122352426.15,69.21428571428571,145.5139318885449,867.7292408672156,126266.69365325078,8739459.010714287,Very High
2012,Moonee Valley (C),25060,25128,70469,17657,113254,0.2003608469691124,48304,746,11,0.0358486290505325,77910935.19999999,67.81818181818181,118.1313672922252,884.0856864035584,104438.25093833779,7082812.29090909,Very High
2012,Moorabool (S),25150,8285,17206,3855,29346,0.1830397417026731,43641,110,3,0.0406849405986593,8495495.58,36.666666666666664,191.46363636363637,403.37569820996157,77231.778,2831831.86,Medium
2012,Moreland (C),25250,32237,101323,22603,156163,0.1823911043687361,43557,732,15,0.0501488682426373,69605532.52,48.8,169.29781420765028,561.6701299162403,95089.52530054645,4640368.834666667,Medium
2012,Mornington Peninsula (S),25340,36534,81019,33224,150777,0.2908186934866906,38347,826,17,0.0469374428627399,83581310.21,48.588235294117645,138.3087167070218,731.6099035389476,101188.02688861985,4916547.659411765,High
2012,Mount Alexander (S),25430,3885,10162,3821,17868,0.2732603876135307,35020,30,1,0.048406266882766,3198370.93,30.0,466.1,228.73281341629124,106612.36433333335,3198370.93,Low
2012,Murrindindi (S),25620,3030,7787,2617,13434,0.2515378700499808,34647,16,1,0.0460517584605175,1153606.75,16.0,650.25,110.88107939254132,72100.421875,1153606.75,Very Low
2012,Nillumbik (S),25710,17699,38538,6414,62651,0.1426855312333155,46925,80,2,0.0218577943713225,9303211.71,40.0,561.9,206.95879404698346,116290.14637500001,4651605.855,Low
2012,Northern Grampians (S),25810,2757,6696,2516,11969,0.2731220147633521,36617,88,3,0.0487067009529571,5595021.3500000015,29.333333333333332,104.68181818181819,607.3622828918803,63579.788068181835,1865007.1166666672,High
2012,Port Phillip (C),25900,13449,76343,10099,99891,0.1168297818190231,55255,367,10,0.0401617397956395,27583235.03,36.7,235.5367847411444,319.0952896740011,75158.6785558583,2758323.503,Low
2012,Queenscliffe (B),26080,599,1499,1001,3099,0.4004,34768,47,2,0.0222222222222222,1790183.55,23.5,53.191489361702125,716.07342,38089.01170212766,895091.775,High
2012,South Gippsland (S),26170,6861,15262,5696,27819,0.2717816585552056,34952,101,4,0.0323281211218664,6618473.569999999,25.25,207.5049504950495,315.79700209943695,65529.441287128706,1654618.3924999998,Low
2012,Southern Grampians (S),26260,4228,8816,3355,16399,0.2756552460767398,37447,75,2,0.0433244916003536,6942509.49,37.5,162.28,570.4140571851121,92566.7932,3471254.745,Medium
2012,Stonnington (C),26350,17130,68880,14672,100682,0.1756032171581769,55009,273,7,0.0293438550343416,23511315.73,39.0,306.05128205128204,281.3974019772118,86122.03564102564,3358759.39,Low
2012,Strathbogie (S),26430,2021,5146,2493,9660,0.326351616703757,33889,27,1,0.0477157360406091,1394413.34,27.0,282.9259259259259,182.53872758214428,51644.938518518524,1394413.34,Very Low
2012,Surf Coast (S),26490,7453,15962,3939,27354,0.1979297522737551,39374,107,4,0.0327942497753818,3698923.57,26.75,185.99065420560748,185.86621627053916,34569.3791588785,924730.8925,Very Low
2012,Swan Hill (RC),26610,5726,11754,3492,20972,0.2290436835891381,36386,138,4,0.0454471279373368,7193380.26,34.5,110.47826086956522,471.8208225108225,52125.94391304348,1798345.065,Medium
2012,Towong (S),26670,1441,3187,1312,5940,0.2916203600800178,36272,10,1,0.0426179604261796,395325.39,10.0,449.9,87.86961324738832,39532.539000000004,395325.39,Very Low
2012,Wangaratta (RC),26700,6898,15007,5331,27236,0.2621201691415085,36462,130,4,0.0533200531208499,8255931.13,32.5,156.44615384615383,405.93623414298355,63507.16253846154,2063982.7825,Medium
2012,Warrnambool (C),26730,8777,18804,5387,32968,0.2226861229382828,39554,227,6,0.0500163630413439,18639839.69,37.833333333333336,106.568281938326,770.5278694555827,82113.83123348019,3106639.9483333337,High
2012,Wellington (S),26810,10796,24178,7315,42289,0.2322738386308068,38222,324,8,0.0424886191198786,23543015.31,40.5,97.20061728395062,747.5634366367128,72663.6275,2942876.91375,High
2012,Whitehorse (C),26980,36362,95048,27582,158992,0.2249204925385305,41926,481,7,0.0510448862850025,55013142.67,68.71428571428571,254.94802494802494,448.61080216912666,114372.43798336798,7859020.381428571,Medium
2012,Whittlesea (C),27070,45851,105467,18153,169471,0.1468451706843553,42263,621,9,0.0728104399300417,102280343.43,69.0,199.0660225442834,827.3769894030092,164702.6464251208,11364482.603333334,Very High
2012,Wodonga (RC),27170,10597,21451,4578,36626,0.1758807483960198,41912,119,3,0.0639124654872686,7450526.28,39.666666666666664,218.7310924369748,286.23943601367705,62609.464537815125,2483508.7600000002,Low
2012,Wyndham (C),27260,53444,113740,12254,179438,0.0972585996158547,45856,654,10,0.0849408836341008,88533566.15,65.4,192.651376146789,702.680811387844,135372.4253058104,8853356.615,High
2012,Yarra (C),27350,11808,60785,8014,80607,0.1164842512245817,52812,308,8,0.0612957651425679,31424190.89,38.5,223.37337662337663,456.75359947092255,102026.5937987013,3928023.86125,Medium
2012,Yarra Ranges (S),27450,39776,89814,19441,149031,0.1779415129742345,41213,427,8,0.0383170375817181,30695265.34,53.375,255.86651053864168,280.95066898540114,71885.86730679157,3836908.1675,Low
2013,Alpine (S),20110,2709,6538,2797,12044,0.2996250669523299,33533,63,3,0.0433478326083695,2631803.73,21.0,148.17460317460316,281.92862667380825,41774.66238095238,877267.91,Low
2013,Ararat (RC),20260,2565,6269,2373,11207,0.2745892154593844,37391,88,2,0.0585793357933579,5198022.37,44.0,98.20454545454545,601.4837271464938,59068.43602272728,2599011.185,High
2013,Ballarat (C),20570,26036,57255,15393,98684,0.2118847043277172,41752,631,14,0.0690104915894662,52533913.09,45.07142857142857,115.13153724247226,723.1295161601146,83255.01282091918,3752422.3635714287,High
2013,Banyule (C),20660,29302,74855,20318,124475,0.213484916940729,47550,620,10,0.0393470291938078,55261443.42,62.0,153.50483870967741,580.6420247339056,89131.36035483872,5526144.342,Medium
2013,Bass Coast (S),20740,6784,16786,7440,31010,0.3071080657145216,32944,206,5,0.0486732259988073,15111575.390000002,41.2,117.60194174757281,623.7750924626436,73357.16208737866,3022315.0780000007,High
2013,Baw Baw (S),20830,11881,25300,8024,45205,0.2407874204777337,38514,186,4,0.0375044754744002,12138619.079999998,46.5,179.16129032258064,364.26056535830025,65261.392903225795,3034654.7699999996,Low
2013,Bayside (C),20910,25059,55494,17815,98368,0.2430124541325076,53880,268,7,0.0374437540175701,15823311.670000002,38.285714285714285,273.5410447761194,215.8440528448076,59042.2077238806,2260473.095714286,Low
2013,Benalla (RC),21010,3265,7372,3082,13719,0.2948153816720872,36536,105,3,0.0614398290369974,5240667.09,35.0,99.56190476190476,501.30735507939545,49911.11514285714,1746889.03,Medium
2013,Boroondara (C),21110,40720,103947,25886,170553,0.1993792025139987,53693,197,5,0.032180904522613,19132153.5,39.4,659.0507614213197,147.35971209168702,97117.5304568528,3826430.7,Very Low
2013,Brimbank (C),21180,49283,122097,24089,195469,0.1647832213755079,41045,946,15,0.089471770633148,137637439.13,63.06666666666667,154.53065539112052,941.5227116823772,145494.12170190274,9175829.275333334,Very High
2013,Campaspe (S),21370,9676,19698,7545,36919,0.2769518775465257,36792,209,4,0.0497497497497497,7360579.879999999,52.25,130.34928229665073,270.1824277796131,35218.08555023923,1840144.9699999997,Low
2013,Cardinia (S),21450,25290,49488,9287,84065,0.1580093577201191,43599,243,4,0.0576320911732347,20595653.84,60.75,241.8724279835391,350.4152078264568,84755.77711934157,5148913.46,Low
2013,Casey (C),21610,82308,166646,26162,275116,0.1356893904817227,44037,875,13,0.0579871675151369,114485606.97,67.3076923076923,220.352,593.7803772146384,130840.69368,8806585.151538461,Medium
2013,Central Goldfields (S),21670,2867,6465,3270,12602,0.3359013867488444,33898,96,2,0.1069624819624819,7294540.65,48.0,101.40625,749.3108012326657,75984.79843750001,3647270.325,High
2013,Colac-Otway (S),21750,5047,11538,4109,20694,0.2626062503994376,35636,110,5,0.0616261813637428,7118672.820000001,22.0,142.24545454545455,454.95448456573155,64715.20745454547,1423734.5640000002,Medium
2013,Corangamite (S),21830,4411,8399,3327,16137,0.2837284666552959,32413,56,2,0.0340875697913605,3075941.81,28.0,209.39285714285714,262.31808033429985,54927.532321428575,1537970.905,Low
2013,Darebin (C),21890,30207,95488,21102,146797,0.1809932241187065,44838,786,12,0.065912349362576,82386001.17,65.5,148.33333333333334,706.6300812248049,104816.79538167939,6865500.0975,High
2013,East Gippsland (S),22110,9938,22700,10775,43413,0.321882001493652,34232,330,10,0.0488535329901731,21432405.19,33.0,101.43939393939394,640.2510885735624,64946.682393939394,2143240.5190000003,High
2013,Frankston (C),22170,33667,80995,18898,133560,0.1891824251949586,43217,534,10,0.0672321230905468,62225277.19,53.4,187.06554307116104,622.9192955462345,116526.73631086142,6222527.719,High
2013,Gannawarra (S),22250,2420,5291,2615,10326,0.3307614470022768,34224,45,1,0.0449401875202069,1394736.79,45.0,175.6888888888889,176.4149747027574,30994.15088888889,1394736.79,Very Low
2013,Glen Eira (C),22310,33136,87383,21000,141519,0.1937573235655038,49300,731,11,0.0504115352159184,71085293.03999999,66.45454545454545,148.26675786593708,655.8712440142826,97243.90292749657,6462299.367272726,High
2013,Glenelg (S),22410,4843,11003,3675,19521,0.2503747104510151,37408,120,4,0.065466580561834,6925842.790000001,30.0,122.31666666666666,471.8519410001363,57715.35658333334,1731460.6975000002,Medium
2013,Greater Bendigo (C),22620,27646,60520,17166,105332,0.2209664547022629,40894,609,11,0.0634995562772606,45393331.24999999,55.36363636363637,127.5632183908046,584.3180399299744,74537.48973727421,4126666.4772727266,Medium
2013,Greater Dandenong (C),22670,35536,90213,20978,146727,0.1886663488951444,37724,922,15,0.0919715754460235,109299013.48,61.46666666666667,120.59761388286334,982.9843555683464,118545.56776572668,7286600.898666667,Very High
2013,Greater Geelong (C),22750,54753,128295,38467,221515,0.2306700567275518,42365,1327,25,0.069044764188649,108207990.95,53.08,125.66842501883949,648.8767881771627,81543.32400150716,4328319.638,High
2013,Greater Shepparton (C),22830,17586,35505,9693,62784,0.2144563918757467,38217,329,8,0.0743643544803752,29023614.49,41.125,137.37993920972644,642.1437782645249,88217.6732218845,3627951.81125,High
2013,Hepburn (S),22910,3305,8491,3047,14843,0.2640838966892009,35332,50,2,0.0614609571788413,2670306.29,25.0,230.76,231.43580256543595,53406.1258,1335153.145,Low
2013,Hobsons Bay (C),23110,20899,55758,12454,89111,0.1825778455403741,48966,577,10,0.0519012434672914,47861113.63,57.7,118.21837088388214,701.6524017768135,82948.20386481803,4786111.363,High
2013,Horsham (RC),23190,5108,10944,3635,19687,0.2493312298511557,40065,148,3,0.0464633031335716,9291228.29,49.333333333333336,98.50675675675676,637.3021668152822,62778.56952702702,3097076.096666666,High
2013,Hume (C),23270,54431,110849,17983,183263,0.1395848857426726,42871,792,14,0.069977192618702,98760072.21,56.57142857142857,162.66666666666666,766.580292241058,124697.06087121212,7054290.872142857,High
2013,Kingston (C),23430,34844,91780,25062,151686,0.2144947878331422,45681,879,16,0.0748271562960444,78986274.55,54.9375,132.92605233219567,676.0092650759144,89859.24294653014,4936642.159375,High
2013,Knox (C),23670,38363,95186,21360,154909,0.1832752732826523,44268,763,11,0.0387919351139467,74895446.68,69.36363636363636,152.74705111402358,642.6256300516535,98159.16996068152,6808676.970909092,High
2013,Latrobe (C),23810,19031,42653,12162,73846,0.2218735747514366,42920,522,13,0.0587450960281032,43758066.92,40.15384615384615,105.0095785440613,798.2863617622913,83827.71440613027,3366005.147692308,High
2013,Macedon Ranges (S),24130,12224,25306,6568,44098,0.20606136663111,44166,95,3,0.0334366406215897,9144677.34,31.666666666666668,335.5157894736842,286.9008389282801,96259.76147368421,3048225.78,Low
2013,Manningham (C),24210,26023,67734,23780,117537,0.2598509517669428,42971,509,7,0.0472709195385492,58313226.92999999,72.71428571428571,179.79174852652258,637.2055306291933,114564.2965225933,8330460.989999999,High
2013,Mansfield (S),24250,2222,4292,1671,8185,0.2802280731175582,31787,40,1,0.0361826129188926,1643498.61,40.0,149.075,275.61606741573036,41087.46525,1643498.61,Low
2013,Maribyrnong (C),24330,16568,55006,7728,79302,0.1231867886632448,46544,416,10,0.0776972624798711,52788996.00000001,41.6,150.8028846153846,841.4734593681259,126896.62500000001,5278899.600000001,Very High
2013,Maroondah (C),24410,27096,65826,16653,109575,0.2019059396937402,44991,704,10,0.0469362607818976,62415124.12,70.4,117.15767045454545,756.7395836515961,88657.84676136363,6241512.412,High
2013,Melbourne (C),24600,14715,94185,7547,116447,0.0741851138284905,47005,742,11,0.0500008909638446,70739983.13,67.45454545454545,137.10512129380055,695.3562608618723,95336.90448787062,6430907.557272727,High
2013,Melton (C),24650,37911,76189,8809,122909,0.103637732652533,46306,487,7,0.0901589302243141,53565855.91000001,69.57142857142857,174.53388090349077,630.2013683851386,109991.4905749487,7652265.130000002,High
2013,Mildura (RC),24780,14554,29278,8853,52685,0.2321732973171435,38097,285,8,0.0888188862336157,24827820.97,35.625,133.79298245614035,651.119062442632,87115.16129824561,3103477.62125,High
2013,Mitchell (S),24850,10851,21889,4626,37366,0.1744672826701866,43912,217,5,0.0580893771208374,14894489.02,43.4,122.1889400921659,561.7382244012823,68638.19824884793,2978897.804,Medium
2013,Moira (S),24900,7213,14902,6560,28675,0.305656509179014,35558,98,2,0.0533360932864141,3107724.28,49.0,219.0,144.80124312738792,31711.472244897956,1553862.14,Very Low
2013,Monash (C),24970,39542,111335,31608,182485,0.2211231050138866,42029,950,15,0.0540802382263558,112663385.35,63.333333333333336,150.4663157894737,788.1700072756273,118593.03721052631,7510892.356666666,High
2013,Moonee Valley (C),25060,25601,71406,18090,115097,0.2021319388576025,49892,726,11,0.0345782479377591,71499311.56,66.0,123.27272727272727,798.9106950031287,98483.90022038568,6499937.414545455,High
2013,Moorabool (S),25150,8515,17735,4070,30320,0.1866544370557211,44775,110,3,0.0461653015636634,7876144.56,36.666666666666664,198.22727272727272,361.2081889474891,71601.31418181818,2625381.52,Low
2013,Moreland (C),25250,33131,104148,22750,160029,0.1792778451985059,45223,714,15,0.0446692607003891,63669829.73,47.6,177.72829131652662,501.7402144241832,89173.43099439776,4244655.315333333,Medium
2013,Mornington Peninsula (S),25340,36697,81122,34441,152260,0.2980279155092893,39518,806,17,0.0460229588817735,78899226.33,47.411764705882355,143.37841191066997,682.7377822486436,97889.85897022333,4641130.960588235,High
2013,Mount Alexander (S),25430,3846,10198,3950,17994,0.2791914051456036,35878,30,1,0.060543985433026,3009247.96,30.0,471.6,212.6977636415041,100308.26533333333,3009247.96,Low
2013,Murrindindi (S),25620,3001,7726,2767,13494,0.2636996092633184,35315,16,1,0.0434110524281849,1080190.75,16.0,655.8125,102.94393881635376,67511.921875,1080190.75,Very Low
2013,Nillumbik (S),25710,17457,38385,6882,62724,0.1520312810656769,48285,80,2,0.0232267616712163,7761178.549999999,40.0,565.8375,171.45334459981882,97014.73187499998,3880589.2749999994,Very Low
2013,Northern Grampians (S),25810,2664,6559,2576,11799,0.281992337164751,36896,87,3,0.0543293718166383,4943393.11,29.0,105.0,541.1486710454298,56820.61045977012,1647797.7033333334,Medium
2013,Port Phillip (C),25900,14041,77875,10585,102501,0.1196586027583088,57033,357,10,0.0377782992173805,24788263.9,35.7,247.78711484593836,280.22003052226995,69434.91288515406,2478826.3899999997,Low
2013,Queenscliffe (B),26080,600,1440,1018,3058,0.4141578519121237,35200,47,2,0.0301163586584531,1511657.57,23.5,52.297872340425535,614.9949430431245,32162.9270212766,755828.785,High
2013,South Gippsland (S),26170,6918,15090,5922,27930,0.2818389491719018,33587,105,4,0.0287550520108659,6669516.970000001,26.25,200.11428571428573,317.4146663811156,63519.209238095245,1667379.2425000002,Low
2013,Southern Grampians (S),26260,4141,8620,3384,16145,0.2819060313228924,35183,75,2,0.0514602310076063,6633868.96,37.5,160.05333333333334,552.6382005998,88451.58613333333,3316934.48,Medium
2013,Stonnington (C),26350,17451,70588,15148,103187,0.1766819072501632,57250,295,7,0.0321371104648588,21423048.7,42.142857142857146,290.6305084745763,249.87226719231128,72620.5040677966,3060435.5285714283,Low
2013,Strathbogie (S),26430,1995,5131,2580,9706,0.3345869537025029,35131,32,1,0.047487684729064,1208095.79,32.0,240.96875,156.67174037089873,37752.9934375,1208095.79,Very Low
2013,Surf Coast (S),26490,7742,16316,4224,28282,0.2056475170399221,39874,107,4,0.0390613821719845,2878670.79,26.75,191.9626168224299,140.1495029211295,26903.465327102804,719667.6975,Very Low
2013,Swan Hill (RC),26610,5648,11627,3592,20867,0.2360207635192851,37859,134,4,0.0563235167854383,7079880.72,33.5,113.57462686567165,465.20012615809185,52834.930746268656,1769970.18,Medium
2013,Towong (S),26670,1422,3125,1342,5889,0.3004253413924334,34232,10,1,0.0437481525273426,381071.04,10.0,446.7,85.3080456682337,38107.104,381071.04,Very Low
2013,Wangaratta (RC),26700,6827,14953,5417,27197,0.2659302896416298,37286,130,4,0.0506891665593198,7756823.520000001,32.5,156.69230769230768,380.7964418262151,59667.87323076924,1939205.8800000004,Low
2013,Warrnambool (C),26730,8797,18939,5564,33300,0.2270742358078602,40791,215,7,0.0603488674824264,16367438.670000002,30.714285714285715,113.96744186046512,667.9769281312493,76127.62172093024,2338205.5242857146,High
2013,Wellington (S),26810,10707,24069,7543,42319,0.2386119195242313,38143,314,8,0.0363899106673673,21947483.5,39.25,100.67515923566879,694.2769676072378,69896.44426751592,2743435.4375,High
2013,Whitehorse (C),26980,36894,96766,28064,161724,0.2248177521429143,43563,450,7,0.0552063527569623,50781660.09,64.28571428571429,277.4,406.8065376111512,112848.13353333334,7254522.87,Medium
2013,Whittlesea (C),27070,48840,110984,19437,179261,0.1490327477936835,43779,608,9,0.0795230198215272,93238924.88,67.55555555555556,214.50822368421052,714.9072992846244,153353.49486842105,10359880.542222222,High
2013,Wodonga (RC),27170,10784,21742,4819,37345,0.1814314220097135,43881,180,4,0.0622116386367018,7235537.359999999,45.0,147.5611111111111,272.4120838823839,40197.429777777776,1808884.3399999999,Low
2013,Wyndham (C),27260,56835,119602,13181,189618,0.0992672254731403,47073,891,13,0.0873133509003074,87822812.06,68.53846153846153,149.02693602693603,661.4010231731472,98566.56796857464,6755600.927692308,High
2013,Yarra (C),27350,12136,62967,8490,83593,0.1188127125404089,54499,308,8,0.0545665370711411,29671353.130000003,38.5,232.00324675324674,415.23368081503565,96335.56211038961,3708919.1412500003,Medium
2013,Yarra Ranges (S),27450,39473,89633,20432,149538,0.1856357606868668,42399,332,7,0.0411307276714062,26013535.35,47.42857142857143,331.5210843373494,236.34702539408534,78354.02213855422,3716219.3357142857,Low
2014,Alpine (S),20110,2674,6455,2899,12028,0.3099208894590549,34681,63,3,0.0390104662226451,2749847.42,21.0,148.47619047619048,293.9755633953389,43648.37174603174,916615.8066666666,Low
2014,Ararat (RC),20260,2545,6218,2421,11184,0.2802407686074777,38131,88,2,0.0523972602739726,5474829.149999999,44.0,98.17045454545455,633.7341301076513,62213.967613636356,2737414.5749999997,High
2014,Ballarat (C),20570,26367,58013,15903,100283,0.2151496293089453,42779,663,15,0.044477361763502,53642391.940000005,44.2,111.48717948717949,725.7209797608097,80908.58512820513,3576159.462666667,High
2014,Banyule (C),20660,29552,75171,20780,125503,0.2165688736959489,48836,620,10,0.0506551661958285,55019402.31,62.0,154.75967741935483,573.4114528248793,88740.97146774194,5501940.231000001,Medium
2014,Bass Coast (S),20740,6915,17073,7635,31623,0.3090092277804759,34051,216,5,0.0612891863332159,15087373.6,43.2,114.38888888888889,610.6270681560628,69848.95185185185,3017474.7199999997,High
2014,Baw Baw (S),20830,11952,25499,8494,45945,0.2498749742594063,40483,198,4,0.0413061437453802,12641199.170000002,49.5,171.6818181818182,371.8765384049658,63844.44025252526,3160299.7925000004,Low
2014,Bayside (C),20910,25438,56331,18178,99947,0.2439705270504234,55569,248,6,0.0364595409227915,15788451.25,41.333333333333336,300.43951612903226,211.89992148599498,63663.10987903226,2631408.5416666665,Low
2014,Benalla (RC),21010,3180,7286,3131,13597,0.30056638187578,37229,105,3,0.0598750181659642,5285457.34,35.0,99.20952380952382,507.38766823461646,50337.68895238095,1761819.1133333333,Medium
2014,Boroondara (C),21110,40983,105234,26395,172612,0.2005257200161058,55069,202,5,0.0440093387320528,19414918.54,40.4,651.6287128712871,147.4972729413731,96113.45811881188,3882983.7079999996,Very Low
2014,Brimbank (C),21180,49619,122896,25186,197701,0.1700814413635688,41599,946,14,0.0928938951467111,138542665.59,67.57142857142857,156.53488372093022,935.5807295282344,146451.02070824525,9895904.685,Very High
2014,Campaspe (S),21370,9560,19581,7740,36881,0.2832985615460635,38676,209,4,0.059892367339853,7490818.13,52.25,130.7224880382775,274.1780363090663,35841.23507177034,1872704.5325,Low
2014,Cardinia (S),21450,26084,51097,9827,87008,0.16129932374762,44716,243,4,0.0578991820768136,21217863.1,60.75,250.71604938271605,348.2677286455256,87316.30905349794,5304465.775,Low
2014,Casey (C),21610,84164,171440,27811,283415,0.1395777185559922,44833,888,13,0.0668614242507561,113243208.1,68.3076923076923,224.38175675675674,568.344490617362,127526.13524774773,8711016.007692307,Medium
2014,Central Goldfields (S),21670,2846,6424,3336,12606,0.3418032786885246,35181,99,2,0.0740023246803564,7165932.76,49.5,98.58585858585859,734.2144221311476,72383.15919191919,3582966.38,High
2014,Colac-Otway (S),21750,4882,11398,4221,20501,0.2702477751456559,37530,110,5,0.0729602035253498,7125457.180000001,22.0,141.9909090909091,456.20444202573793,64776.88345454546,1425091.4360000002,Medium
2014,Corangamite (S),21830,4290,8324,3382,15996,0.288911669229455,38371,57,2,0.0467400307655898,2949436.9,28.5,205.3684210526316,251.95941397573893,51744.50701754386,1474718.45,Low
2014,Darebin (C),21890,30495,96991,21242,148728,0.1796621924505002,45812,787,13,0.0830911288870598,82359807.15,60.53846153846154,150.23252858958068,696.5889992641648,104650.32674714105,6335369.780769231,High
2014,East Gippsland (S),22110,9952,22664,11156,43772,0.3298639858072146,35309,332,10,0.0655898441531633,22323581.83000001,33.2,101.86746987951807,660.0704266706094,67239.70430722894,2232358.183000001,High
2014,Frankston (C),22170,33892,81957,19394,135243,0.1913547966966285,44371,534,10,0.0718784112855823,60249332.64,53.4,189.79588014981275,594.4621428500952,112826.46561797753,6024933.264,Medium
2014,Gannawarra (S),22250,2335,5172,2638,10145,0.3377720870678617,36351,45,1,0.0364244564207396,1393215.72,45.0,173.55555555555554,178.3886965428937,30960.34933333333,1393215.72,Very Low
2014,Glen Eira (C),22310,33970,88793,21296,144059,0.1934434866335419,50588,772,11,0.0486587962554649,72059137.19,70.18181818181819,142.6023316062176,654.5534720998464,93340.85128238342,6550830.653636363,High
2014,Glenelg (S),22410,4715,10863,3779,19357,0.2580931566725857,39694,120,4,0.0802698474775127,6530421.44,30.0,122.01666666666667,446.0061084551291,54420.17866666667,1632605.36,Medium
2014,Greater Bendigo (C),22620,28032,61156,17783,106971,0.2252752125058589,41878,614,11,0.0682710598418875,46243389.76,55.81818181818182,128.56514657980455,585.8116996668314,75314.96703583062,4203944.523636363,Medium
2014,Greater Dandenong (C),22670,36315,91583,21620,149518,0.1909843378709045,38429,938,15,0.1120180541918844,110134642.60999998,62.53333333333333,120.68550106609808,972.8950876743547,117414.33114072493,7342309.507333333,Very High
2014,Greater Geelong (C),22750,55432,129932,39562,224926,0.2334123921790742,43176,1331,25,0.0623708776493993,110044225.76,53.24,127.34335086401202,649.2514529127875,82677.85556724267,4401769.0304000005,High
2014,Greater Shepparton (C),22830,17605,35659,10005,63269,0.2191003854239663,39787,329,8,0.0767508687516706,29376039.78,41.125,138.79635258358664,643.3085095480028,89288.8747112462,3672004.9725,High
2014,Hepburn (S),22910,3297,8412,3179,14888,0.2742645155724268,35858,50,2,0.0374899220639613,2495565.07,25.0,231.82,215.30196445518072,49911.3014,1247782.535,Low
2014,Hobsons Bay (C),23110,21367,56967,12814,91148,0.183631647583153,50034,577,10,0.0531803962460896,47196551.19,57.7,120.93760831889081,676.3524625614422,81796.44920277296,4719655.119,High
2014,Horsham (RC),23190,5083,10942,3666,19691,0.2509583789704271,41807,148,3,0.0371639430680021,9498045.33,49.333333333333336,98.70270270270271,650.1947788882804,64175.98195945946,3166015.11,High
2014,Hume (C),23270,55807,113954,19071,188832,0.1433640293177974,43381,805,14,0.0998030348045203,101822277.68,57.5,165.24844720496895,765.4371560233039,126487.30146583852,7273019.834285715,High
2014,Kingston (C),23430,35096,92389,25594,153079,0.2169295576481357,46765,895,16,0.0607752087192936,79825384.39,55.9375,131.8245810055866,676.5837823245722,89190.37362011173,4989086.524375,High
2014,Knox (C),23670,38128,95137,22243,155508,0.1894956551371613,45213,763,11,0.0548065342204656,74200233.9,69.36363636363636,153.84010484927916,632.1369390015335,97248.0129750983,6745475.80909091,High
2014,Latrobe (C),23810,18797,42391,12465,73653,0.2272312964853434,43967,522,12,0.0746272855133614,44333812.33,43.5,105.08812260536398,808.1852911258568,84930.67496168581,3694484.3608333333,Very High
2014,Macedon Ranges (S),24130,12288,25538,6889,44715,0.2124464181083664,45522,95,3,0.0374361883153715,8360298.91,31.666666666666668,341.33684210526314,257.8190677521818,88003.14642105263,2786766.303333333,Low
2014,Manningham (C),24210,26207,68045,24269,118521,0.2628962020928569,43403,509,7,0.0677405461280041,55677479.580000006,72.71428571428571,181.36345776031433,603.1314814654332,109386.01096267192,7953925.654285715,High
2014,Mansfield (S),24250,2254,4217,1746,8217,0.2928056347476103,32333,40,1,0.0343866171003717,1514346.66,40.0,149.075,253.95717927217842,37858.6665,1514346.66,Low
2014,Maribyrnong (C),24330,17046,57003,7810,81859,0.1205005168716152,47362,392,9,0.066476813873422,52905865.71,43.55555555555556,165.33928571428572,816.2847840710969,134963.9431377551,5878429.523333333,Very High
2014,Maroondah (C),24410,27406,66787,17030,111223,0.2031807389908968,45859,718,10,0.064101264111404,62294867.29000001,71.8,116.73676880222841,743.2247311404608,86761.65360724235,6229486.729,High
2014,Melbourne (C),24600,15337,98830,8040,122207,0.0752315897819781,47829,744,11,0.0495182914505153,72707033.11,67.63636363636364,143.64247311827958,680.3315533826144,97724.50686827957,6609730.282727272,High
2014,Melton (C),24650,39202,78914,9561,127677,0.1080644249788075,47021,493,7,0.0674380361190536,54211051.12999999,70.42857142857143,179.46247464503043,612.7273368748232,109961.56415821498,7744435.875714284,High
2014,Mildura (RC),24780,14581,29390,9065,53036,0.2357300741125991,39241,285,8,0.0647594094111815,24700237.3,35.625,134.9298245614035,642.31536341178,86667.49929824562,3087529.6625,High
2014,Mitchell (S),24850,11105,22507,4903,38515,0.1788763225100328,44612,228,5,0.0615595075239398,14934680.159999998,45.6,120.21929824561404,544.8624647938708,65502.98315789473,2986936.0319999997,Medium
2014,Moira (S),24900,7203,14882,6748,28833,0.3119741100323625,37281,98,2,0.0595377986682334,3602343.3,49.0,220.71428571428572,166.54384188626906,36758.60510204081,1801171.65,Very Low
2014,Monash (C),24970,40283,112810,31944,185037,0.2206778396451911,43047,957,15,0.0334543209613726,109202526.58,63.8,151.25809822361546,754.4007528634787,114109.22317659351,7280168.438666667,High
2014,Moonee Valley (C),25060,26103,72777,18457,117337,0.2023039656268496,50811,726,11,0.0580778440302361,72123897.08,66.0,125.66666666666667,790.5374869018129,99344.21085399449,6556717.916363636,High
2014,Moorabool (S),25150,8637,17988,4301,30926,0.1929651397550361,45869,110,3,0.0477691561590688,7814318.159999999,36.666666666666664,202.62727272727273,350.5907918704293,71039.256,2604772.7199999997,Low
2014,Moreland (C),25250,33942,106804,22742,163488,0.1755515415373689,45834,721,15,0.0798455491967179,63642789.1,48.06666666666667,179.6754507628294,491.2756017167647,88270.16518723995,4242852.606666666,Medium
2014,Mornington Peninsula (S),25340,36854,81675,35271,153800,0.3016007388025242,40529,806,17,0.0525166784183977,79046839.16999999,47.411764705882355,145.09429280397023,675.9259758350007,98073.00145161289,4649814.0688235285,High
2014,Mount Alexander (S),25430,3816,10188,4098,18102,0.2868542629147417,36936,30,1,0.062731431060771,3218786.43,30.0,476.2,225.31054388912224,107292.88100000001,3218786.43,Low
2014,Murrindindi (S),25620,2998,7712,2885,13595,0.2722468623195244,35895,16,1,0.0458232531663583,1231368.55,16.0,662.3125,116.19973105595923,76960.534375,1231368.55,Very Low
2014,Nillumbik (S),25710,17285,38279,7308,62872,0.1603088599820124,49437,80,2,0.0294670846394984,7281530.47,40.0,569.8375,159.72822230021717,91019.130875,3640765.235,Very Low
2014,Northern Grampians (S),25810,2611,6449,2659,11719,0.2919411506368028,37948,88,3,0.0462789243277048,4875816.32,29.333333333333332,103.5,535.3333684672815,55407.00363636364,1625272.1066666667,Medium
2014,Port Phillip (C),25900,14484,79306,11056,104846,0.122352316239127,57470,384,10,0.0535688803904221,26153986.770000003,38.4,235.31770833333334,289.43567838250596,68109.34054687501,2615398.677,Low
2014,Queenscliffe (B),26080,602,1383,1042,3027,0.4296907216494845,36757,44,2,0.0276872964169381,1583922.24,22.0,55.11363636363637,653.1638103092783,35998.23272727273,791961.12,High
2014,South Gippsland (S),26170,6924,14924,6089,27937,0.2897729976681102,36052,105,4,0.0386197935465242,6514572.41,26.25,200.1238095238095,310.0258130681007,62043.54676190476,1628643.1025,Low
2014,Southern Grampians (S),26260,4055,8415,3449,15919,0.2907113958192852,36661,75,2,0.0655108215033744,6216059.359999999,37.5,158.18666666666667,523.9429669588671,82880.79146666666,3108029.6799999997,Medium
2014,Stonnington (C),26350,17792,72642,15547,105981,0.1762918277789747,58433,295,7,0.0410144950197801,21575746.540000003,42.142857142857146,298.9457627118644,244.65348898388692,73138.12386440679,3082249.505714286,Low
2014,Strathbogie (S),26430,1988,5139,2683,9810,0.3430069036052161,36045,32,1,0.0438255171001433,1262300.02,32.0,244.4375,161.37816670928152,39446.875625,1262300.02,Very Low
2014,Surf Coast (S),26490,7818,16213,4450,28481,0.2153607898175482,41345,107,4,0.0313621357829768,2855819.51,26.75,193.11214953271028,138.20933601122778,26689.90196261682,713954.8775,Very Low
2014,Swan Hill (RC),26610,5542,11378,3660,20580,0.2433834286474265,38874,134,4,0.0442331181294713,6678962.650000001,33.5,112.22388059701493,444.1390244713394,49843.00485074628,1669740.6625000003,Medium
2014,Towong (S),26670,1380,3041,1376,5797,0.3115236585918044,37417,10,1,0.043179587831207,370088.62,10.0,441.7,83.7873262395291,37008.862,370088.62,Very Low
2014,Wangaratta (RC),26700,6738,14845,5534,27117,0.2715540507385053,39255,130,4,0.0494022261921121,7856837.79,32.5,156.76153846153846,385.5359826291771,60437.213769230766,1964209.4475,Low
2014,Warrnambool (C),26730,8793,18984,5724,33501,0.2316658572122389,41638,234,8,0.0654078467649779,17318805.250000004,29.25,105.58974358974359,700.9391796179376,74011.98824786326,2164850.6562500005,High
2014,Wellington (S),26810,10590,23832,7798,42220,0.2465380967435978,40681,304,6,0.047722557059579,21566360.32,50.666666666666664,104.04605263157895,681.8324476762567,70941.97473684211,3594393.3866666667,High
2014,Whitehorse (C),26980,37230,98069,28398,163697,0.2245486964979006,44484,425,6,0.067074005400764,51944253.64,70.83333333333333,297.5694117647059,410.7336588991595,122221.77327058824,8657375.606666667,Medium
2014,Whittlesea (C),27070,51169,115231,20606,187006,0.1516965186215832,44609,648,10,0.0804642884441095,96219037.65,64.8,209.625,708.3418924887918,148486.16921296297,9621903.765,High
2014,Wodonga (RC),27170,10993,22094,5044,38131,0.1858648389711843,45288,169,4,0.0578934446354038,6900172.960000001,42.25,160.57988165680473,254.26239811334662,40829.42579881657,1725043.2400000002,Low
2014,Wyndham (C),27260,59984,125569,14162,199715,0.1013518832614094,47607,891,13,0.062027769715468,90342545.32,68.53846153846153,156.82491582491582,646.5461874601913,101394.55142536476,6949426.563076923,High
2014,Yarra (C),27350,12468,65130,8908,86506,0.1203165941813663,55750,308,8,0.0768827032016361,30077711.860000003,38.5,240.38311688311688,406.24695237580704,97654.90863636365,3759713.9825000004,Medium
2014,Yarra Ranges (S),27450,39289,89514,21295,150098,0.1921775307059895,43546,412,8,0.0577615547772899,26635127.98,51.5,268.95388349514565,240.36971708074253,64648.368883495146,3329390.9975,Low
2015,Alpine (S),20110,2610,6262,2986,11858,0.3228806228373702,36195,63,3,0.0444201995012468,2802096.85,21.0,146.79365079365078,302.99490160034605,44477.72777777778,934032.2833333333,Low
2015,Ararat (RC),20260,2478,6060,2490,11028,0.2912280701754386,39387,88,2,0.0597197898423817,5260422.33,44.0,97.1590909090909,615.2540736842105,59777.52647727273,2630211.165,High
2015,Ballarat (C),20570,26550,58493,16535,101578,0.2203843898277976,43852,663,15,0.0508239341634575,53623993.63,44.2,113.16440422322775,714.7197530255372,80880.8350377074,3574932.908666667,High
2015,Banyule (C),20660,29671,75349,21212,126232,0.2196746098321268,50400,589,9,0.0488548276013657,54512648.72,65.44444444444444,163.94057724957554,564.541054048736,92551.18628183361,6056960.968888889,Medium
2015,Bass Coast (S),20740,6979,17282,7772,32033,0.3102099465155264,35605,216,5,0.0556572923479398,15851964.94,43.2,115.99074074074075,632.7119398100103,73388.72657407407,3170392.988,High
2015,Baw Baw (S),20830,12005,25647,8986,46638,0.2594635174544509,41353,198,4,0.0362298330031135,13295313.54,49.5,174.91414141414143,383.8914774925649,67148.04818181817,3323828.385,Low
2015,Bayside (C),20910,25786,56972,18563,101321,0.245753624147746,57355,218,5,0.0401741074054467,15813241.53,43.6,346.4908256880734,209.3498580790362,72537.80518348624,3162648.306,Low
2015,Benalla (RC),21010,3088,7226,3182,13496,0.3057263643351268,37449,105,3,0.0726907053584255,4866018.049999999,35.0,99.12380952380953,467.52671502690225,46343.029047619035,1622006.0166666664,Medium
2015,Boroondara (C),21110,41256,106438,27093,174787,0.2028967056338977,56451,202,5,0.0401714421125294,20957038.26,40.4,661.0445544554456,156.9451158158031,103747.71415841585,4191407.6520000002,Very Low
2015,Brimbank (C),21180,49798,123266,26368,199432,0.176216635256693,42123,946,15,0.0993455343496492,141609226.77,63.06666666666667,158.17547568710359,946.3706562011308,149692.62872093025,9440615.118,Very High
2015,Campaspe (S),21370,9414,19377,7956,36747,0.2910767204478103,40081,209,4,0.0641951006124234,8159437.359999999,52.25,130.7799043062201,298.51964145904213,39040.37014354067,2039859.3399999999,Low
2015,Cardinia (S),21450,27091,53324,10469,90884,0.1641089147712131,46041,303,5,0.067848948169751,23259238.9,60.6,210.53795379537954,364.6048767106109,76763.16468646865,4651847.779999999,Low
2015,Casey (C),21610,86352,176363,29496,292211,0.1432825380478871,45726,888,13,0.0786789186309761,119384478.72,68.3076923076923,231.82319819819818,579.9332490685372,134441.98054054054,9183421.44,Medium
2015,Central Goldfields (S),21670,2835,6324,3416,12575,0.3507186858316222,35590,99,2,0.0904392764857881,6883730.52,49.5,98.38383838383838,706.7485133470226,69532.63151515152,3441865.26,High
2015,Colac-Otway (S),21750,4712,11203,4340,20255,0.279225374766776,38634,110,5,0.0569536423841059,7330981.99,22.0,141.3,471.65810911664414,66645.29081818182,1466196.398,Medium
2015,Corangamite (S),21830,4162,8049,3460,15671,0.3006342862107916,39657,57,2,0.0370826660096094,2932316.66,28.5,201.91228070175438,254.7846607003215,51444.15192982456,1466158.33,Low
2015,Darebin (C),21890,30893,98636,21352,150881,0.1779511284461779,47153,777,13,0.0781577110956036,83857397.07000001,59.76923076923077,154.4247104247104,698.8815304030404,107924.57795366796,6450569.005384616,High
2015,East Gippsland (S),22110,9948,22492,11555,43995,0.3393837929920404,36706,332,10,0.0597188560349006,22343699.93,33.2,102.5512048192771,656.2604614209769,67300.3009939759,2234369.993,High
2015,Frankston (C),22170,33807,82230,19934,135971,0.1951176539681296,45704,534,10,0.0786975349766822,62065687.29000001,53.4,191.3183520599251,607.5103489487491,116227.87882022474,6206568.729,High
2015,Gannawarra (S),22250,2258,5058,2703,10019,0.3482798608426749,36970,45,1,0.0424347158218125,1498998.3099999998,45.0,172.46666666666667,193.14499549027184,33311.07355555555,1498998.3099999998,Very Low
2015,Glen Eira (C),22310,34662,89981,21660,146303,0.194014743687355,51971,772,11,0.0515055467511885,73555920.9,70.18181818181819,144.61269430051814,658.8611791366972,95279.6902849741,6686901.9,High
2015,Glenelg (S),22410,4559,10684,3915,19158,0.2681690526748407,41437,120,4,0.063424084837361,6893539.01,30.0,121.65833333333333,472.1925481197342,57446.158416666665,1723384.7525,Medium
2015,Greater Bendigo (C),22620,28279,61733,18425,108437,0.2298585294044262,43191,629,11,0.0710318723690261,47678424.57,57.18181818181818,127.43720190779014,594.8055661318896,75800.35702702703,4334402.233636363,Medium
2015,Greater Dandenong (C),22670,37191,93330,22218,152739,0.192283726243639,39273,952,15,0.123582570655615,117004770.07,63.46666666666667,121.37394957983193,1012.6074884030878,122904.17024159663,7800318.0046666665,Very High
2015,Greater Geelong (C),22750,56478,132157,40785,229420,0.2358305096506343,44227,1366,26,0.0824428613831997,111581393.5,52.53846153846154,126.60468521229868,645.195461484197,81684.76830161054,4291592.057692308,High
2015,Greater Shepparton (C),22830,17552,35598,10216,63366,0.2229886061029379,41062,329,8,0.0804197994987468,31380787.260000005,41.125,139.25227963525836,684.9606508927403,95382.33209726446,3922598.4075000007,High
2015,Hepburn (S),22910,3238,8264,3292,14794,0.2848736587054344,37067,50,2,0.0387925146837863,2606330.6,25.0,231.12,225.53916580131533,52126.612,1303165.3,Low
2015,Hobsons Bay (C),23110,21661,57935,13165,92761,0.1851617440225035,51621,577,10,0.0580145773167521,46430981.96,57.7,123.22357019064125,653.0377209563994,80469.63944540729,4643098.196,High
2015,Horsham (RC),23190,5077,10951,3746,19774,0.2548819486970129,41185,148,3,0.042230789921994,9531130.75,49.333333333333336,99.30405405405405,648.5085901884738,64399.53209459459,3177043.5833333335,High
2015,Hume (C),23270,57067,116849,20090,194006,0.1467076581543607,44084,805,14,0.0894151711918061,104943985.95,57.5,170.1105590062112,766.3557200651385,130365.1999378882,7495998.996428572,High
2015,Kingston (C),23430,35283,92966,26228,154477,0.2200446331191167,48063,895,16,0.0655705665355581,81509892.75000001,55.9375,133.17765363128493,683.8422466734904,91072.5058659218,5094368.296875001,High
2015,Knox (C),23670,37730,94836,23115,155681,0.1959712083831421,46226,686,10,0.0516298753288344,73362492.12,68.6,171.9402332361516,621.9743123839561,106942.40833819243,7336249.212,High
2015,Latrobe (C),23810,18572,42149,12827,73548,0.2333199941792782,45400,522,13,0.0692365070062336,43613709.09,40.15384615384615,105.31800766283524,793.3227060899302,83551.16683908047,3354900.6992307696,High
2015,Macedon Ranges (S),24130,12353,25725,7230,45308,0.219390077378243,47135,103,3,0.033023861878003,8656079.05,34.333333333333336,319.9514563106796,262.66360339857385,84039.60242718448,2885359.6833333336,Low
2015,Manningham (C),24210,26383,68329,24730,119442,0.2657453873349165,44288,509,7,0.0605287643982417,56406754.76,72.71428571428571,182.8271119842829,606.1397044885503,110818.77163064832,8058107.822857142,High
2015,Mansfield (S),24250,2310,4173,1817,8300,0.303338898163606,33443,40,1,0.0384528387242705,1677514.76,40.0,149.75,280.05254757929885,41937.869,1677514.76,Low
2015,Maribyrnong (C),24330,17360,58231,7924,83515,0.1197793061748923,48594,402,9,0.0726084812623274,52994016.09,44.666666666666664,164.56467661691542,801.0583642959716,131825.9106716418,5888224.010000001,Very High
2015,Maroondah (C),24410,27561,67320,17429,112310,0.205654344004059,47198,737,10,0.0561159325364336,61694366.5,73.7,114.99185888738127,727.9657164096332,83710.13093622796,6169436.65,High
2015,Melbourne (C),24600,16238,104262,8480,128980,0.075215979847794,47334,746,11,0.0486898786705133,75868075.11,67.81818181818181,151.12868632707776,672.935331198666,101699.83258713137,6897097.737272727,High
2015,Melton (C),24650,40678,81791,10283,132752,0.1116819080304972,48080,493,7,0.0761943986820428,57349284.44,70.42857142857143,186.76267748478702,622.8607906683754,116327.14896551723,8192754.92,High
2015,Mildura (RC),24780,14453,29254,9308,53015,0.2413775219127638,40523,285,8,0.0751467850494057,25640869.010000005,35.625,135.30526315789473,664.9258080493752,89967.96143859651,3205108.6262500007,High
2015,Mitchell (S),24850,11192,22771,5180,39143,0.1853243175557225,46233,228,5,0.0771231754901488,15754672.14,45.6,122.59210526315789,563.6532553397017,69099.43921052633,3150934.4280000003,Medium
2015,Moira (S),24900,7137,14746,6937,28820,0.3199280542360374,38317,98,2,0.0666813866195628,3874677.61,49.0,221.25510204081633,178.6965645897708,39537.52663265306,1937338.805,Very Low
2015,Monash (C),24970,40874,114109,32303,187286,0.2206308226101685,44205,957,15,0.0384898827195586,114356289.27,63.8,152.99059561128527,781.0581733054668,119494.55514106582,7623752.618,High
2015,Moonee Valley (C),25060,26546,74225,18812,119583,0.2021991250792695,52289,732,11,0.0560882597573798,74747047.29000002,66.54545454545455,127.09972677595628,803.4120542364868,102113.45258196724,6795186.117272729,Very High
2015,Moorabool (S),25150,8760,18228,4508,31496,0.1982758620689655,47385,110,3,0.0565743737264772,7969313.899999999,36.666666666666664,206.6909090909091,350.5152137579169,72448.30818181818,2656437.9666666663,Low
2015,Moreland (C),25250,34652,109433,22685,166770,0.1717025689156663,47327,671,13,0.0745478809074594,63521371.65,51.61538461538461,196.89716840536514,480.7927129535718,94666.72377049181,4886259.357692308,Medium
2015,Mornington Peninsula (S),25340,36881,81875,36259,155015,0.3069311121269067,42104,821,17,0.0561597865200339,79400240.34,48.294117647058826,143.89037758830693,672.1201376403068,96711.62038976858,4670602.372941176,High
2015,Mount Alexander (S),25430,3767,10132,4231,18130,0.294576341989835,37342,30,1,0.0641854245598395,3215859.45,30.0,478.76666666666665,223.8988686207617,107195.315,3215859.45,Low
2015,Murrindindi (S),25620,2967,7716,3010,13693,0.2806265150102554,37269,25,1,0.0513779254950837,1442480.86,25.0,429.04,134.48451053514825,57699.2344,1442480.86,Very Low
2015,Nillumbik (S),25710,16999,37828,7775,62602,0.1704931693090366,50750,80,2,0.0275001998561036,7514346.44,40.0,570.0375,164.77745850053725,93929.33050000001,3757173.22,Very Low
2015,Northern Grampians (S),25810,2503,6252,2754,11509,0.3057961359093937,37539,78,3,0.0549257544307839,4777457.5200000005,26.0,115.46153846153847,530.4749633577616,61249.455384615394,1592485.84,Medium
2015,Port Phillip (C),25900,14897,80718,11512,107127,0.1248183888105822,58898,384,10,0.0502511120677285,28842530.39,38.4,240.18229166666666,312.72395522064403,75110.75622395833,2884253.039,Low
2015,Queenscliffe (B),26080,585,1367,1065,3017,0.4379111842105263,39762,30,1,0.0392628205128205,1439556.7100000004,30.0,81.06666666666666,591.9229893092107,47985.22366666668,1439556.7100000004,Medium
2015,South Gippsland (S),26170,6863,14584,6259,27706,0.3002926642038094,37184,105,4,0.0333105335157318,6592483.67,26.25,198.5047619047619,316.29245646020246,62785.55876190476,1648120.9175,Low
2015,Southern Grampians (S),26260,3974,8281,3496,15751,0.2968497919673941,38689,75,2,0.0543225015328019,6290788.230000001,37.5,157.02666666666667,534.1588036002379,83877.17640000001,3145394.1150000007,Medium
2015,Stonnington (C),26350,17989,74011,15941,107941,0.1772167378157239,60459,287,7,0.0404244015250953,23019972.590000004,41.0,313.42160278745644,255.91396066791182,80208.96372822301,3288567.5128571433,Low
2015,Strathbogie (S),26430,1971,5114,2741,9826,0.3489497135582431,37240,32,1,0.0520771218445637,1318809.1900000002,32.0,245.46875,167.89423169955444,41212.787187500006,1318809.1900000002,Very Low
2015,Surf Coast (S),26490,7966,16272,4703,28941,0.2242193087008343,42988,71,3,0.0383131008350291,2818479.72,23.666666666666668,295.4225352112676,134.3732882002384,39696.89746478874,939493.2400000001,Very Low
2015,Swan Hill (RC),26610,5480,11148,3781,20409,0.2532654564940719,40180,141,4,0.0492970439798125,6532534.529999999,35.25,105.87943262411348,437.57348315359366,46330.03212765957,1633133.6324999998,Medium
2015,Towong (S),26670,1371,2995,1396,5762,0.3179230243680255,39516,10,1,0.0576359492022142,318358.87,10.0,439.1,72.50258938738328,31835.887,318358.87,Very Low
2015,Wangaratta (RC),26700,6681,14710,5674,27065,0.2783555729984301,40796,136,4,0.0641736543143089,8128251.050000001,34.0,149.88235294117646,398.75642906200943,59766.5518382353,2032062.7625000002,Low
2015,Warrnambool (C),26730,8765,18986,5893,33644,0.2368664335383254,42180,234,8,0.0506840098676833,18222763.26,29.25,106.32051282051282,732.4556155794044,77875.05666666667,2277845.4075,High
2015,Wellington (S),26810,10462,23415,8088,41965,0.2567374535758499,41916,308,6,0.0459329248327798,21450507.97,51.333333333333336,102.28246753246754,680.9036590166015,69644.5063961039,3575084.6616666666,High
2015,Whitehorse (C),26980,37594,99167,28796,165557,0.225033798832475,45028,366,6,0.061380955150951,51581759.5,61.0,349.6256830601093,403.0990169033236,140933.76912568306,8596959.916666666,Medium
2015,Whittlesea (C),27070,53688,119936,21773,195397,0.1536458517101948,45287,660,10,0.0787391854496075,101646865.58,66.0,214.71060606060607,717.2929424383773,154010.40239393938,10164686.558,High
2015,Wodonga (RC),27170,11076,22214,5269,38559,0.1917185169013572,46643,144,4,0.0749881572714353,7472194.92,36.0,190.85416666666666,271.8842528108285,51890.2425,1868048.73,Low
2015,Wyndham (C),27260,63168,131502,15177,209847,0.1034708444971672,48103,891,13,0.0695694456723543,93116687.86,68.53846153846153,164.6228956228956,634.8331244418083,104508.06718294052,7162822.143076923,High
2015,Yarra (C),27350,12706,67222,9223,89151,0.1206488324939498,57519,308,8,0.0736273401181052,31084714.55,38.5,248.19805194805195,406.62848518542745,100924.3978896104,3885589.31875,Medium
2015,Yarra Ranges (S),27450,39136,89291,22234,150661,0.1993633714413808,44946,444,9,0.0553597721402882,28786766.8,49.333333333333336,251.18243243243242,258.1194064111186,64835.06036036036,3198529.6444444447,Low
2016,Alpine (S),20110,2747,6874,2957,12578,0.3007832367002339,36669,58,2,0.0374144486692015,2232436.02,29.0,169.5,227.0812755569118,38490.27620689655,1116218.01,Low
2016,Ararat (RC),20260,2489,6661,2595,11745,0.2803586862575626,39668,88,2,0.0702836004932182,4937199.99,44.0,105.18181818181819,533.4053576058773,56104.54534090909,2468599.995,Medium
2016,Ballarat (C),20570,27044,59244,17212,103500,0.2251229465313383,44953,663,15,0.0650960465026754,54611247.31999999,44.2,115.31825037707391,714.2833436224756,82369.90546003016,3640749.821333333,High
2016,Banyule (C),20660,30497,75473,21477,127447,0.2215265600825167,51515,634,10,0.0369648368850885,55979946.78000001,63.4,152.9179810725552,577.4104876740589,88296.44602523661,5597994.678000001,Medium
2016,Bass Coast (S),20740,7207,17258,8999,33464,0.3427276535780935,35998,216,5,0.0831272970263949,16321155.47,43.2,121.56018518518519,621.5925456068858,75560.9049537037,3264231.094,High
2016,Baw Baw (S),20830,12743,26989,9564,49296,0.2616474707958307,41961,198,4,0.0536310087737364,14661092.830000002,49.5,184.61111111111111,401.0913695182339,74045.9233838384,3665273.2075000005,Medium
2016,Bayside (C),20910,26058,57609,19245,102912,0.2504098680615192,58909,208,5,0.032334502574819,13615020.660000004,41.6,369.49038461538464,177.1543531891639,65456.83009615386,2723004.1320000007,Very Low
2016,Benalla (RC),21010,3061,7426,3495,13982,0.3200256386777768,38821,105,3,0.0570315760189177,5265158.930000001,35.0,104.00952380952381,482.1132616060801,50144.37076190477,1755052.9766666668,Medium
2016,Boroondara (C),21110,43257,106340,27679,177276,0.2065304173288862,57306,162,4,0.0388200317390168,19997261.390000004,40.5,827.2777777777778,149.21213701042393,123439.88512345681,4999315.347500001,Very Low
2016,Brimbank (C),21180,50908,126447,26835,204190,0.1750694797823619,42978,939,15,0.1001664950388328,143045743.48,62.6,163.23961661341852,933.2194483370519,152338.3849627263,9536382.898666667,Very High
2016,Campaspe (S),21370,9315,20031,8249,37595,0.2916902404526167,39782,209,4,0.0424591343682533,8364721.08,52.25,135.311004784689,295.782216407355,40022.58889952153,2091180.27,Low
2016,Cardinia (S),21450,29307,57096,11170,97573,0.1636246447719216,47316,286,5,0.0700191089208488,25041008.45,57.2,238.69230769230768,366.81522939677143,87555.9736013986,5008201.6899999995,Low
2016,Casey (C),21610,93179,188380,31230,312789,0.1422066390419379,46719,899,13,0.0797059735199043,124817967.32999998,69.15384615384616,244.2825361512792,568.361947679978,138840.8980311457,9601382.10230769,Medium
2016,Central Goldfields (S),21670,2818,6696,3573,13087,0.3479404031551271,35144,99,2,0.1205758848230354,7104793.64,49.5,103.72727272727273,691.8681117927744,71765.59232323233,3552396.82,High
2016,Colac-Otway (S),21750,5078,11831,4453,21362,0.2734586096782117,39721,110,5,0.0367226590421729,7490513.610000001,22.0,148.03636363636363,459.9922383935152,68095.57827272729,1498102.7220000003,Medium
2016,Corangamite (S),21830,4097,8615,3531,16243,0.2907129919315001,37852,56,2,0.0277581745471653,2672374.33,28.0,216.89285714285714,220.020939403919,47720.97017857143,1336187.165,Low
2016,Darebin (C),21890,32312,101208,21606,155126,0.1759245688602276,48679,774,13,0.0626517974084765,84324281.52000001,59.53846153846154,158.67441860465115,686.6015398895893,108946.10015503877,6486483.193846155,High
2016,East Gippsland (S),22110,9884,23344,12372,45600,0.3463993728301041,37018,331,10,0.0900004997251511,23639559.17,33.1,107.90332326283988,661.8758867174377,71418.60776435045,2363955.9170000004,High
2016,Frankston (C),22170,34779,83957,20766,139502,0.198294548475502,47260,509,9,0.0604576741106528,62900685.34,56.55555555555556,205.7426326129666,600.6386881582843,123576.9849508841,6988965.037777778,High
2016,Gannawarra (S),22250,2396,5385,2786,10567,0.3409619385632113,35804,45,1,0.0454545454545454,1712866.2000000002,45.0,181.57777777777778,209.62748745563582,38063.693333333336,1712866.2000000002,Low
2016,Glen Eira (C),22310,35476,91307,21800,148583,0.192737850000442,53099,771,11,0.04101909278852,76214352.31,70.0909090909091,146.70168612191958,673.8252478626433,98851.30001297017,6928577.482727273,High
2016,Glenelg (S),22410,4538,11011,4210,19759,0.2765915511464424,42409,120,4,0.0488132987412318,6486057.84,30.0,126.84166666666667,426.12560541357334,54050.481999999996,1621514.46,Medium
2016,Greater Bendigo (C),22620,29348,63685,19234,112267,0.2319613116414814,44261,628,11,0.0717935329877298,48696383.97,57.09090909090909,132.03662420382165,587.2765466298436,77542.0126910828,4426943.997272727,Medium
2016,Greater Dandenong (C),22670,38575,99196,22451,160222,0.1845585998832688,39845,958,15,0.1238396945508874,118836649.18,63.86666666666667,126.98016701461378,976.8974917589419,124046.60665970773,7922443.278666667,Very High
2016,Greater Geelong (C),22750,59057,137629,42843,239529,0.2373941664080854,45141,1265,25,0.059150257976203,111854042.58,50.6,142.66561264822136,619.7861307017155,88422.16804743082,4474161.7032,High
2016,Greater Shepparton (C),22830,17619,36469,10984,65072,0.2314711398647082,41806,329,8,0.0491255822128482,31422084.520000003,41.125,144.2340425531915,662.1727713737804,95507.8556838906,3927760.5650000004,High
2016,Hepburn (S),22910,3227,8639,3659,15525,0.2975280533420068,37838,50,2,0.0555479358112741,2602018.06,25.0,245.96,211.58058708733128,52040.3612,1301009.03,Low
2016,Hobsons Bay (C),23110,22241,57761,13443,93445,0.1887955732823998,53505,577,10,0.0585375191424196,46829609.25,57.7,123.40381282495667,657.6822825964833,81160.50129982669,4682960.925,High
2016,Horsham (RC),23190,5076,10959,3849,19884,0.2599270664505672,41072,148,3,0.043053244592346,9269919.86,49.333333333333336,100.05405405405405,626.0075540248514,62634.593648648646,3089973.2866666666,High
2016,Hume (C),23270,60987,125300,20754,207041,0.1420981280896107,45331,812,13,0.0907920569019342,106043755.03,62.46153846153846,179.8694581280788,726.0585470442439,130595.75742610838,8157211.925384616,High
2016,Kingston (C) (Vic.),23430,37048,95417,26476,158941,0.2172068945714684,49506,898,16,0.0579098033694683,83473105.91000001,56.125,135.73830734966592,684.8063950349898,92954.46092427618,5217069.119375001,High
2016,Knox (C),23670,38990,97415,23948,160353,0.1973253792341982,47258,766,11,0.0464761598972547,73822339.93,69.63636363636364,158.4373368146214,608.2771514382473,96373.81191906006,6711121.8118181825,High
2016,Latrobe (C) (Vic.),23810,18335,42940,13347,74622,0.2371240250857214,46527,522,13,0.1066180532537841,43563001.39,40.15384615384615,107.82950191570882,773.944274699309,83454.025651341,3351000.106923077,High
2016,Macedon Ranges (S),24130,12937,26786,7757,47480,0.2245606924702544,48734,102,3,0.0315390384134655,9179543.81,34.0,338.65686274509807,265.74251831051157,89995.5275490196,3059847.936666667,Low
2016,Manningham (C),24210,27903,69544,25123,122570,0.2653828683701817,45208,519,7,0.0577214949724909,56271032.24,74.14285714285714,182.40269749518305,594.4102194006359,108422.02743737958,8038718.891428572,Medium
2016,Mansfield (S),24250,2097,4574,2003,8674,0.3045461456591151,34811,40,1,0.0323210412147505,1437997.0100000002,40.0,164.425,218.64026303785926,35949.92525000001,1437997.0100000002,Low
2016,Maribyrnong (C),24330,17906,60729,8307,86942,0.1203285242482183,49523,440,9,0.0719372793105512,53735025.13999999,48.888888888888886,156.9,778.3623781795004,122125.05713636363,5970558.348888888,High
2016,Maroondah (C),24410,28724,68312,17764,114800,0.2063757609554347,48386,746,10,0.0530298088839606,65184083.08,74.6,115.38337801608579,757.2852256145732,87378.12745308311,6518408.308,High
2016,Melbourne (C),24600,21200,115187,9709,146096,0.0777366769151934,47273,746,11,0.0385384174676936,79770052.63000001,67.81818181818181,167.42091152815013,638.6918126281066,106930.36545576408,7251822.966363638,High
2016,Melton (C),24650,44233,85586,11601,141420,0.1193678166833012,49402,503,7,0.0765986210625929,60035038.01,71.85714285714286,193.21471172962228,617.7270417854239,119353.95230616302,8576434.00142857,High
2016,Mildura (RC),24780,14266,30620,9772,54658,0.2419290948702713,41184,285,8,0.075584307178631,25711760.39,35.625,141.7263157894737,636.5557632699545,90216.70312280703,3213970.04875,High
2016,Mitchell (S),24850,11820,24293,5682,41795,0.189557964970809,47325,228,5,0.0592944242762729,16394612.05,45.6,131.46929824561403,546.9428540450375,71906.19320175439,3278922.41,Medium
2016,Moira (S),24900,7097,15311,7078,29486,0.316137388896333,38265,99,2,0.0443891308857083,4244200.19,49.5,226.15151515151516,189.56631336817188,42870.708989898994,2122100.095,Very Low
2016,Monash (C),24970,43912,116522,32191,192625,0.2164639271617141,44817,952,15,0.0382150027005268,111391123.95,63.46666666666667,156.2111344537815,749.0342064916988,117007.4831407563,7426074.930000001,High
2016,Moonee Valley (C),25060,27449,76264,19158,122871,0.2007713105992329,53959,732,11,0.0491413640584911,75401077.51,66.54545454545455,130.35792349726776,790.1854657206934,103006.93648907104,6854643.41,High
2016,Moorabool (S),25150,8919,18854,4899,32672,0.2062476318780785,48582,110,3,0.0633074180160168,8011356.32,36.666666666666664,215.93636363636364,337.27766261103864,72830.512,2670452.106666667,Low
2016,Moreland (C),25250,35366,113842,23086,172294,0.1685995559710212,49012,640,12,0.0645856875994557,63531110.68000001,53.333333333333336,213.95,463.9745755433513,99267.36043750001,5294259.223333334,Medium
2016,Mornington Peninsula (S),25340,37854,85302,38372,161528,0.3102673156847842,43223,813,17,0.0431320149652592,82381143.15000002,47.8235294117647,152.12054120541205,666.1152962627555,101329.81937269375,4845949.597058825,High
2016,Mount Alexander (S),25430,3917,10764,4416,19097,0.2909090909090909,38383,30,1,0.0692033293697978,3116230.92,30.0,506.0,205.28530434782607,103874.364,3116230.92,Low
2016,Murrindindi (S),25620,3016,7850,3186,14052,0.2886915549111997,37674,25,1,0.0421912670774176,1381431.56,25.0,441.44,125.17502355926061,55257.2624,1381431.56,Very Low
2016,Nillumbik (S),25710,17634,38425,8115,64174,0.1743661366566394,52439,80,2,0.0206467325125152,8252420.689999999,40.0,581.75,177.318880318006,103155.25862499999,4126210.3449999993,Very Low
2016,Northern Grampians (S),25810,2472,6338,2760,11570,0.3033633765662783,37933,65,2,0.0568480300187617,4113493.25,32.5,139.96923076923076,452.1315948560123,63284.51153846154,2056746.625,Medium
2016,Port Phillip (C),25900,15946,80297,12384,108627,0.1336196199868365,60274,383,10,0.042242604314688,28095943.28,38.3,241.98694516971278,303.14674291386586,73357.55425587468,2809594.328,Low
2016,Queenscliffe (B),26080,494,1290,1145,2929,0.4702258726899384,40086,30,1,0.0269853508095605,1350945.4600000002,30.0,81.16666666666667,554.8030636550309,45031.51533333334,1350945.4600000002,Medium
2016,South Gippsland (S),26170,6981,15530,6611,29122,0.2985863330472878,36585,105,4,0.0510182207931404,6565792.42,26.25,210.86666666666667,296.54452915405807,62531.35638095238,1641448.105,Low
2016,Southern Grampians (S),26260,3892,8592,3639,16123,0.297522688251165,39234,75,2,0.0392906815020862,5955041.44,37.5,163.08,486.88099419507813,79400.55253333334,2977520.72,Medium
2016,Stonnington (C),26350,18912,75688,16403,111003,0.1781172970214244,60483,287,7,0.0303104562650288,23443276.63,41.0,320.8745644599303,254.56642484064673,81683.89069686411,3349039.5185714285,Low
2016,Strathbogie (S),26430,2065,5470,2822,10357,0.3403280270139894,37823,32,1,0.0449159021406727,1294670.47,32.0,259.125,156.13488543174142,40458.4521875,1294670.47,Very Low
2016,Surf Coast (S),26490,8020,17315,5130,30465,0.2285586990421029,44866,74,3,0.0274747205960617,2854155.940000001,24.666666666666668,303.31081081081084,127.16221608376034,38569.67486486488,951385.3133333336,Very Low
2016,Swan Hill (RC),26610,5376,11734,3786,20896,0.2439432989690721,40592,161,4,0.0505252100840336,7527429.31,40.25,96.3975155279503,485.01477512886595,46754.219316770184,1881857.3275,Medium
2016,Towong (S),26670,1325,3208,1513,6046,0.3204829485278542,39569,10,1,0.0499683744465528,284733.4799999999,10.0,472.1,60.312111840711694,28473.34799999999,284733.4799999999,Very Low
2016,Wangaratta (RC),26700,6964,15417,6211,28592,0.2871740336600702,41643,136,4,0.0513539967373572,8236834.089999999,34.0,159.02941176470588,380.8412285000924,60564.95654411764,2059208.5224999997,Low
2016,Warrnambool (C),26730,8640,19330,6272,34242,0.2449808608702445,43111,234,8,0.0377861398557541,18542341.26,29.25,109.41025641025641,724.2536231544411,79240.77461538462,2317792.6575,High
2016,Wellington (S),26810,10507,24596,8427,43530,0.2551857796081519,41724,318,6,0.0691621582102646,21744942.040000003,53.0,103.84591194968553,658.4786978772372,68380.32088050315,3624157.0066666673,High
2016,Whitehorse (C),26980,39813,101212,28616,169641,0.2204147025295005,45726,427,6,0.0587865558895123,53182056.73,71.16666666666667,304.04683840749414,409.63472232492217,124548.14222482435,8863676.121666666,Medium
2016,Whittlesea (C),27070,56632,126784,23642,207058,0.1571669791126534,46482,691,10,0.0610139389162168,103399181.7,69.1,217.6931982633864,687.3757309241754,149637.02127351664,10339918.17,High
2016,Wodonga (C),27170,11174,23160,5766,40100,0.1993362372951669,47461,135,3,0.0590681068377999,7664502.640000001,45.0,214.26666666666668,264.96932310032497,56774.093629629635,2554834.2133333334,Low
2016,Wyndham (C),27260,69640,140599,16769,227008,0.1065591479843424,48741,891,13,0.0671673551132807,97384531.85,68.53846153846153,176.6195286195286,618.8331290351279,109298.0155443322,7491117.834615384,High
2016,Yarra (C),27350,13428,69846,9620,92894,0.1210580625676389,59284,308,8,0.0587597533014592,32992353.39,38.5,258.0064935064935,415.175715274457,107118.03048701299,4124044.17375,Medium
2016,Yarra Ranges (S),27450,40267,91685,23274,155226,0.2024547882288468,46383,442,9,0.0495153483094528,28793677.63,49.111111111111114,260.0882352941176,250.46910315851738,65144.06703619909,3199297.5144444443,Low
